Sample,CARD Short name,Donor,Milieu,Tissue
ODIWGS01,Mrx,OD8,Lumen,Duodenum
ODIWGS02,CRP,OD2,Mucosa,DescendingColon
ODIWGS04,tet(M),OD3,Lumen,AscendingColon
ODIWGS04,TEM-126,OD3,Lumen,AscendingColon
ODIWGS04,mdtO,OD3,Lumen,AscendingColon
ODIWGS04,qacE,OD3,Lumen,AscendingColon
ODIWGS04,mdtB,OD3,Lumen,AscendingColon
ODIWGS04,CblA-1,OD3,Lumen,AscendingColon
ODIWGS04,emrB,OD3,Lumen,AscendingColon
ODIWGS04,TolC,OD3,Lumen,AscendingColon
ODIWGS04,mdtC,OD3,Lumen,AscendingColon
ODIWGS04,ErmF,OD3,Lumen,AscendingColon
ODIWGS04,mdtE,OD3,Lumen,AscendingColon
ODIWGS04,aadS,OD3,Lumen,AscendingColon
ODIWGS04,cph,OD3,Lumen,AscendingColon
ODIWGS04,tet(X5),OD3,Lumen,AscendingColon
ODIWGS04,marA,OD3,Lumen,AscendingColon
ODIWGS04,qacL,OD3,Lumen,AscendingColon
ODIWGS04,mdtF,OD3,Lumen,AscendingColon
ODIWGS04,cpxA,OD3,Lumen,AscendingColon
ODIWGS04,tet(44),OD3,Lumen,AscendingColon
ODIWGS04,tet(O/M/O),OD3,Lumen,AscendingColon
ODIWGS04,ugd,OD3,Lumen,AscendingColon
ODIWGS04,tet(W/N/W),OD3,Lumen,AscendingColon
ODIWGS04,tet(W),OD3,Lumen,AscendingColon
ODIWGS04,msbA,OD3,Lumen,AscendingColon
ODIWGS04,tet(X3),OD3,Lumen,AscendingColon
ODIWGS04,Mef(En2),OD3,Lumen,AscendingColon
ODIWGS04,tet(37),OD3,Lumen,AscendingColon
ODIWGS04,mefH,OD3,Lumen,AscendingColon
ODIWGS04,acrD,OD3,Lumen,AscendingColon
ODIWGS04,AAC(6')-Ib7,OD3,Lumen,AscendingColon
ODIWGS04,tet(Q),OD3,Lumen,AscendingColon
ODIWGS04,lnuC,OD3,Lumen,AscendingColon
ODIWGS04,eptA,OD3,Lumen,AscendingColon
ODIWGS04,sul2,OD3,Lumen,AscendingColon
ODIWGS04,abeS,OD3,Lumen,AscendingColon
ODIWGS04,dfrF,OD3,Lumen,AscendingColon
ODIWGS04,tet(O/W),OD3,Lumen,AscendingColon
ODIWGS04,baeR,OD3,Lumen,AscendingColon
ODIWGS04,AcrF,OD3,Lumen,AscendingColon
ODIWGS04,CRP,OD3,Lumen,AscendingColon
ODIWGS04,emrY,OD3,Lumen,AscendingColon
ODIWGS04,AcrS,OD3,Lumen,AscendingColon
ODIWGS04,tet(32),OD3,Lumen,AscendingColon
ODIWGS04,APH(6)-Id,OD3,Lumen,AscendingColon
ODIWGS04,tet(40),OD3,Lumen,AscendingColon
ODIWGS04,mdtG,OD3,Lumen,AscendingColon
ODIWGS04,evgA,OD3,Lumen,AscendingColon
ODIWGS04,Ecol_acrA,OD3,Lumen,AscendingColon
ODIWGS04,mdtN,OD3,Lumen,AscendingColon
ODIWGS04,leuO,OD3,Lumen,AscendingColon
ODIWGS04,CfxA2,OD3,Lumen,AscendingColon
ODIWGS04,vanU_in_vanG_cl,OD3,Lumen,AscendingColon
ODIWGS04,evgS,OD3,Lumen,AscendingColon
ODIWGS04,tet(X4),OD3,Lumen,AscendingColon
ODIWGS04,PmrF,OD3,Lumen,AscendingColon
ODIWGS04,tet(O/W/32/O),OD3,Lumen,AscendingColon
ODIWGS04,emrR,OD3,Lumen,AscendingColon
ODIWGS04,tet(X),OD3,Lumen,AscendingColon
ODIWGS04,emrK,OD3,Lumen,AscendingColon
ODIWGS04,EC-13,OD3,Lumen,AscendingColon
ODIWGS04,tet(X1),OD3,Lumen,AscendingColon
ODIWGS04,APH(3'')-Ib,OD3,Lumen,AscendingColon
ODIWGS04,mdtP,OD3,Lumen,AscendingColon
ODIWGS04,YojI,OD3,Lumen,AscendingColon
ODIWGS04,bacA,OD3,Lumen,AscendingColon
ODIWGS04,acrB,OD3,Lumen,AscendingColon
ODIWGS04,rsmA,OD3,Lumen,AscendingColon
ODIWGS04,aad(6),OD3,Lumen,AscendingColon
ODIWGS04,tet(O),OD3,Lumen,AscendingColon
ODIWGS04,gadW,OD3,Lumen,AscendingColon
ODIWGS04,Kpne_KpnF,OD3,Lumen,AscendingColon
ODIWGS04,AcrE,OD3,Lumen,AscendingColon
ODIWGS04,APH(3')-IIIa,OD3,Lumen,AscendingColon
ODIWGS04,cepA,OD3,Lumen,AscendingColon
ODIWGS04,emrA,OD3,Lumen,AscendingColon
ODIWGS04,tet(O/32/O),OD3,Lumen,AscendingColon
ODIWGS04,mphA,OD3,Lumen,AscendingColon
ODIWGS04,Mrx,OD3,Lumen,AscendingColon
ODIWGS04,YajC,OD3,Lumen,AscendingColon
ODIWGS04,mdtH,OD3,Lumen,AscendingColon
ODIWGS04,H-NS,OD3,Lumen,AscendingColon
ODIWGS04,tet(B),OD3,Lumen,AscendingColon
ODIWGS05,TolC,OD7,Mucosa,AscendingColon
ODIWGS05,aadS,OD7,Mucosa,AscendingColon
ODIWGS05,mdtF,OD7,Mucosa,AscendingColon
ODIWGS05,cpxA,OD7,Mucosa,AscendingColon
ODIWGS05,tet(44),OD7,Mucosa,AscendingColon
ODIWGS05,tet(W/N/W),OD7,Mucosa,AscendingColon
ODIWGS05,tet(W),OD7,Mucosa,AscendingColon
ODIWGS05,tet(37),OD7,Mucosa,AscendingColon
ODIWGS05,tet(Q),OD7,Mucosa,AscendingColon
ODIWGS05,Bado_rpoB_RIF,OD7,Mucosa,AscendingColon
ODIWGS05,lmrD,OD7,Mucosa,AscendingColon
ODIWGS05,tet(32),OD7,Mucosa,AscendingColon
ODIWGS05,tet(40),OD7,Mucosa,AscendingColon
ODIWGS05,Ecol_acrA,OD7,Mucosa,AscendingColon
ODIWGS05,evgS,OD7,Mucosa,AscendingColon
ODIWGS05,tet(O/W/32/O),OD7,Mucosa,AscendingColon
ODIWGS05,tet(X),OD7,Mucosa,AscendingColon
ODIWGS05,ykkC,OD7,Mucosa,AscendingColon
ODIWGS05,tet(X1),OD7,Mucosa,AscendingColon
ODIWGS05,bacA,OD7,Mucosa,AscendingColon
ODIWGS05,acrB,OD7,Mucosa,AscendingColon
ODIWGS05,tet(O),OD7,Mucosa,AscendingColon
ODIWGS05,mphA,OD7,Mucosa,AscendingColon
ODIWGS05,Mrx,OD7,Mucosa,AscendingColon
ODIWGS07,ANT(4')-Ib,OD4,Lumen,AscendingColon
ODIWGS08,vanU_in_vanG_cl,OD1,Mucosa,DescendingColon
ODIWGS08,tet(Q),OD1,Mucosa,DescendingColon
ODIWGS08,tet(X1),OD1,Mucosa,DescendingColon
ODIWGS09,tet(M),OD9,Lumen,AscendingColon
ODIWGS09,mdtO,OD9,Lumen,AscendingColon
ODIWGS09,qacE,OD9,Lumen,AscendingColon
ODIWGS09,Kpne_KpnE,OD9,Lumen,AscendingColon
ODIWGS09,vanV_in_vanB_cl,OD9,Lumen,AscendingColon
ODIWGS09,TolC,OD9,Lumen,AscendingColon
ODIWGS09,mdtE,OD9,Lumen,AscendingColon
ODIWGS09,tetB(60),OD9,Lumen,AscendingColon
ODIWGS09,qacL,OD9,Lumen,AscendingColon
ODIWGS09,mdtF,OD9,Lumen,AscendingColon
ODIWGS09,cpxA,OD9,Lumen,AscendingColon
ODIWGS09,tet(O/M/O),OD9,Lumen,AscendingColon
ODIWGS09,tet(W/N/W),OD9,Lumen,AscendingColon
ODIWGS09,tet(W),OD9,Lumen,AscendingColon
ODIWGS09,msbA,OD9,Lumen,AscendingColon
ODIWGS09,tet(37),OD9,Lumen,AscendingColon
ODIWGS09,dfrA22,OD9,Lumen,AscendingColon
ODIWGS09,mefH,OD9,Lumen,AscendingColon
ODIWGS09,acrD,OD9,Lumen,AscendingColon
ODIWGS09,lnuC,OD9,Lumen,AscendingColon
ODIWGS09,eptA,OD9,Lumen,AscendingColon
ODIWGS09,Paer_emrE,OD9,Lumen,AscendingColon
ODIWGS09,sul2,OD9,Lumen,AscendingColon
ODIWGS09,dfrF,OD9,Lumen,AscendingColon
ODIWGS09,tet(O/W),OD9,Lumen,AscendingColon
ODIWGS09,AcrF,OD9,Lumen,AscendingColon
ODIWGS09,CRP,OD9,Lumen,AscendingColon
ODIWGS09,tetB(P),OD9,Lumen,AscendingColon
ODIWGS09,emrY,OD9,Lumen,AscendingColon
ODIWGS09,tet(32),OD9,Lumen,AscendingColon
ODIWGS09,APH(6)-Id,OD9,Lumen,AscendingColon
ODIWGS09,mdtG,OD9,Lumen,AscendingColon
ODIWGS09,Ecol_acrA,OD9,Lumen,AscendingColon
ODIWGS09,dfrA26,OD9,Lumen,AscendingColon
ODIWGS09,mdtN,OD9,Lumen,AscendingColon
ODIWGS09,leuO,OD9,Lumen,AscendingColon
ODIWGS09,vanU_in_vanG_cl,OD9,Lumen,AscendingColon
ODIWGS09,evgS,OD9,Lumen,AscendingColon
ODIWGS09,AAC6_Ie_APH2_Ia,OD9,Lumen,AscendingColon
ODIWGS09,PmrF,OD9,Lumen,AscendingColon
ODIWGS09,tet(O/W/32/O),OD9,Lumen,AscendingColon
ODIWGS09,emrK,OD9,Lumen,AscendingColon
ODIWGS09,APH(3'')-Ib,OD9,Lumen,AscendingColon
ODIWGS09,mdtP,OD9,Lumen,AscendingColon
ODIWGS09,qacH,OD9,Lumen,AscendingColon
ODIWGS09,Ecol_emrE,OD9,Lumen,AscendingColon
ODIWGS09,ykkD,OD9,Lumen,AscendingColon
ODIWGS09,acrB,OD9,Lumen,AscendingColon
ODIWGS09,tet(O),OD9,Lumen,AscendingColon
ODIWGS09,gadW,OD9,Lumen,AscendingColon
ODIWGS09,Kpne_KpnF,OD9,Lumen,AscendingColon
ODIWGS09,RbpA,OD9,Lumen,AscendingColon
ODIWGS09,tet(O/32/O),OD9,Lumen,AscendingColon
ODIWGS09,ErmB,OD9,Lumen,AscendingColon
ODIWGS09,H-NS,OD9,Lumen,AscendingColon
ODIWGS09,ErmX,OD9,Lumen,AscendingColon
ODIWGS10,tet(M),OD1,Lumen,Ileum
ODIWGS10,vanV_in_vanB_cl,OD1,Lumen,Ileum
ODIWGS10,TolC,OD1,Lumen,Ileum
ODIWGS10,tetB(60),OD1,Lumen,Ileum
ODIWGS10,qacL,OD1,Lumen,Ileum
ODIWGS10,tet(O/M/O),OD1,Lumen,Ileum
ODIWGS10,tet(W/N/W),OD1,Lumen,Ileum
ODIWGS10,tet(W),OD1,Lumen,Ileum
ODIWGS10,tet(37),OD1,Lumen,Ileum
ODIWGS10,acrD,OD1,Lumen,Ileum
ODIWGS10,Paer_emrE,OD1,Lumen,Ileum
ODIWGS10,sul2,OD1,Lumen,Ileum
ODIWGS10,dfrF,OD1,Lumen,Ileum
ODIWGS10,tet(32),OD1,Lumen,Ileum
ODIWGS10,APH(6)-Id,OD1,Lumen,Ileum
ODIWGS10,tet(40),OD1,Lumen,Ileum
ODIWGS10,mdtG,OD1,Lumen,Ileum
ODIWGS10,Ecol_acrA,OD1,Lumen,Ileum
ODIWGS10,dfrA26,OD1,Lumen,Ileum
ODIWGS10,tet(S),OD1,Lumen,Ileum
ODIWGS10,vanU_in_vanG_cl,OD1,Lumen,Ileum
ODIWGS10,AAC6_Ie_APH2_Ia,OD1,Lumen,Ileum
ODIWGS10,tet(O/W/32/O),OD1,Lumen,Ileum
ODIWGS10,mdtP,OD1,Lumen,Ileum
ODIWGS10,qacH,OD1,Lumen,Ileum
ODIWGS10,acrB,OD1,Lumen,Ileum
ODIWGS10,rsmA,OD1,Lumen,Ileum
ODIWGS10,tet(O),OD1,Lumen,Ileum
ODIWGS10,Kpne_KpnF,OD1,Lumen,Ileum
ODIWGS10,RbpA,OD1,Lumen,Ileum
ODIWGS10,dfrA3,OD1,Lumen,Ileum
ODIWGS10,tet(O/32/O),OD1,Lumen,Ileum
ODIWGS10,ErmB,OD1,Lumen,Ileum
ODIWGS10,ErmX,OD1,Lumen,Ileum
ODIWGS11,OXA-18,OD5,Mucosa,AscendingColon
ODIWGS12,MexI,OD2,Lumen,Ileum
ODIWGS12,mdtO,OD2,Lumen,Ileum
ODIWGS12,MuxB,OD2,Lumen,Ileum
ODIWGS12,tet(W),OD2,Lumen,Ileum
ODIWGS12,msbA,OD2,Lumen,Ileum
ODIWGS12,LlmA_23S_CLI,OD2,Lumen,Ileum
ODIWGS12,APH(3')-Vb,OD2,Lumen,Ileum
ODIWGS12,mefH,OD2,Lumen,Ileum
ODIWGS12,dfrF,OD2,Lumen,Ileum
ODIWGS12,tet(O/W),OD2,Lumen,Ileum
ODIWGS12,CRP,OD2,Lumen,Ileum
ODIWGS12,APH(6)-Id,OD2,Lumen,Ileum
ODIWGS12,evgA,OD2,Lumen,Ileum
ODIWGS12,tet(O/W/32/O),OD2,Lumen,Ileum
ODIWGS12,APH(3'')-Ib,OD2,Lumen,Ileum
ODIWGS12,rsmA,OD2,Lumen,Ileum
ODIWGS12,tet(O),OD2,Lumen,Ileum
ODIWGS12,Mrx,OD2,Lumen,Ileum
ODIWGS13,mdtO,OD2,Mucosa,Ileum
ODIWGS13,mdtB,OD2,Mucosa,Ileum
ODIWGS13,emrB,OD2,Mucosa,Ileum
ODIWGS13,TolC,OD2,Mucosa,Ileum
ODIWGS13,mdtF,OD2,Mucosa,Ileum
ODIWGS13,cpxA,OD2,Mucosa,Ileum
ODIWGS13,tet(W),OD2,Mucosa,Ileum
ODIWGS13,msbA,OD2,Mucosa,Ileum
ODIWGS13,Mef(En2),OD2,Mucosa,Ileum
ODIWGS13,tet(37),OD2,Mucosa,Ileum
ODIWGS13,mefH,OD2,Mucosa,Ileum
ODIWGS13,acrD,OD2,Mucosa,Ileum
ODIWGS13,tet(Q),OD2,Mucosa,Ileum
ODIWGS13,kdpE,OD2,Mucosa,Ileum
ODIWGS13,Bbif_ileS_MUP,OD2,Mucosa,Ileum
ODIWGS13,sul2,OD2,Mucosa,Ileum
ODIWGS13,abeS,OD2,Mucosa,Ileum
ODIWGS13,Bado_rpoB_RIF,OD2,Mucosa,Ileum
ODIWGS13,baeR,OD2,Mucosa,Ileum
ODIWGS13,AcrF,OD2,Mucosa,Ileum
ODIWGS13,CRP,OD2,Mucosa,Ileum
ODIWGS13,tet(40),OD2,Mucosa,Ileum
ODIWGS13,mdtN,OD2,Mucosa,Ileum
ODIWGS13,leuO,OD2,Mucosa,Ileum
ODIWGS13,tet(O/W/32/O),OD2,Mucosa,Ileum
ODIWGS13,YojI,OD2,Mucosa,Ileum
ODIWGS13,acrB,OD2,Mucosa,Ileum
ODIWGS13,tet(O),OD2,Mucosa,Ileum
ODIWGS13,mdtA,OD2,Mucosa,Ileum
ODIWGS13,baeS,OD2,Mucosa,Ileum
ODIWGS13,H-NS,OD2,Mucosa,Ileum
ODIWGS14,tet(M),OD8,Lumen,DescendingColon
ODIWGS14,mdtO,OD8,Lumen,DescendingColon
ODIWGS14,mdtB,OD8,Lumen,DescendingColon
ODIWGS14,CblA-1,OD8,Lumen,DescendingColon
ODIWGS14,mel,OD8,Lumen,DescendingColon
ODIWGS14,vanS_in_vanA_cl,OD8,Lumen,DescendingColon
ODIWGS14,vanV_in_vanB_cl,OD8,Lumen,DescendingColon
ODIWGS14,tet(Y),OD8,Lumen,DescendingColon
ODIWGS14,mdtE,OD8,Lumen,DescendingColon
ODIWGS14,aadS,OD8,Lumen,DescendingColon
ODIWGS14,nimK,OD8,Lumen,DescendingColon
ODIWGS14,mdeA,OD8,Lumen,DescendingColon
ODIWGS14,qacL,OD8,Lumen,DescendingColon
ODIWGS14,mdtF,OD8,Lumen,DescendingColon
ODIWGS14,cpxA,OD8,Lumen,DescendingColon
ODIWGS14,ugd,OD8,Lumen,DescendingColon
ODIWGS14,mgrA,OD8,Lumen,DescendingColon
ODIWGS14,tet(W/N/W),OD8,Lumen,DescendingColon
ODIWGS14,efmA,OD8,Lumen,DescendingColon
ODIWGS14,tet(W),OD8,Lumen,DescendingColon
ODIWGS14,Ecol_mdfA,OD8,Lumen,DescendingColon
ODIWGS14,Mef(En2),OD8,Lumen,DescendingColon
ODIWGS14,tetB(46),OD8,Lumen,DescendingColon
ODIWGS14,tet(37),OD8,Lumen,DescendingColon
ODIWGS14,mefH,OD8,Lumen,DescendingColon
ODIWGS14,acrD,OD8,Lumen,DescendingColon
ODIWGS14,tet(Q),OD8,Lumen,DescendingColon
ODIWGS14,kdpE,OD8,Lumen,DescendingColon
ODIWGS14,Bbif_ileS_MUP,OD8,Lumen,DescendingColon
ODIWGS14,eptA,OD8,Lumen,DescendingColon
ODIWGS14,sul2,OD8,Lumen,DescendingColon
ODIWGS14,abeS,OD8,Lumen,DescendingColon
ODIWGS14,dfrF,OD8,Lumen,DescendingColon
ODIWGS14,tet(O/W),OD8,Lumen,DescendingColon
ODIWGS14,Bado_rpoB_RIF,OD8,Lumen,DescendingColon
ODIWGS14,AcrF,OD8,Lumen,DescendingColon
ODIWGS14,CRP,OD8,Lumen,DescendingColon
ODIWGS14,tetB(P),OD8,Lumen,DescendingColon
ODIWGS14,emrY,OD8,Lumen,DescendingColon
ODIWGS14,tet(32),OD8,Lumen,DescendingColon
ODIWGS14,APH(6)-Id,OD8,Lumen,DescendingColon
ODIWGS14,tet(40),OD8,Lumen,DescendingColon
ODIWGS14,mdtG,OD8,Lumen,DescendingColon
ODIWGS14,Ecol_acrA,OD8,Lumen,DescendingColon
ODIWGS14,emeA,OD8,Lumen,DescendingColon
ODIWGS14,lsaC,OD8,Lumen,DescendingColon
ODIWGS14,mdtN,OD8,Lumen,DescendingColon
ODIWGS14,leuO,OD8,Lumen,DescendingColon
ODIWGS14,vanU_in_vanG_cl,OD8,Lumen,DescendingColon
ODIWGS14,evgS,OD8,Lumen,DescendingColon
ODIWGS14,vanY_in_vanA_cl,OD8,Lumen,DescendingColon
ODIWGS14,SAT-4,OD8,Lumen,DescendingColon
ODIWGS14,tet(O/W/32/O),OD8,Lumen,DescendingColon
ODIWGS14,tet(X),OD8,Lumen,DescendingColon
ODIWGS14,emrR,OD8,Lumen,DescendingColon
ODIWGS14,vanZ_in_vanA_cl,OD8,Lumen,DescendingColon
ODIWGS14,vanA,OD8,Lumen,DescendingColon
ODIWGS14,tet(X1),OD8,Lumen,DescendingColon
ODIWGS14,mecA,OD8,Lumen,DescendingColon
ODIWGS14,tetA(46),OD8,Lumen,DescendingColon
ODIWGS14,YojI,OD8,Lumen,DescendingColon
ODIWGS14,msrA,OD8,Lumen,DescendingColon
ODIWGS14,mecR1,OD8,Lumen,DescendingColon
ODIWGS14,bacA,OD8,Lumen,DescendingColon
ODIWGS14,acrB,OD8,Lumen,DescendingColon
ODIWGS14,AAC(6')-Ii,OD8,Lumen,DescendingColon
ODIWGS14,rsmA,OD8,Lumen,DescendingColon
ODIWGS14,tet(O),OD8,Lumen,DescendingColon
ODIWGS14,AcrE,OD8,Lumen,DescendingColon
ODIWGS14,APH(3')-IIIa,OD8,Lumen,DescendingColon
ODIWGS14,RbpA,OD8,Lumen,DescendingColon
ODIWGS14,vanR_in_vanA_cl,OD8,Lumen,DescendingColon
ODIWGS14,mepA,OD8,Lumen,DescendingColon
ODIWGS14,tet(O/32/O),OD8,Lumen,DescendingColon
ODIWGS14,mphA,OD8,Lumen,DescendingColon
ODIWGS14,YajC,OD8,Lumen,DescendingColon
ODIWGS14,sdrM,OD8,Lumen,DescendingColon
ODIWGS14,vanH_in_vanA_cl,OD8,Lumen,DescendingColon
ODIWGS14,H-NS,OD8,Lumen,DescendingColon
ODIWGS14,ErmX,OD8,Lumen,DescendingColon
ODIWGS15,mel,OD1,Mucosa,Ileum
ODIWGS15,ANT(4')-Ib,OD1,Mucosa,Ileum
ODIWGS16,eptB,OD2,Mucosa,AscendingColon
ODIWGS16,aadS,OD2,Mucosa,AscendingColon
ODIWGS16,tet(X5),OD2,Mucosa,AscendingColon
ODIWGS16,LptD,OD2,Mucosa,AscendingColon
ODIWGS16,Kpne_OmpK37,OD2,Mucosa,AscendingColon
ODIWGS16,tet(W),OD2,Mucosa,AscendingColon
ODIWGS16,Mef(En2),OD2,Mucosa,AscendingColon
ODIWGS16,tet(37),OD2,Mucosa,AscendingColon
ODIWGS16,tet(Q),OD2,Mucosa,AscendingColon
ODIWGS16,OmpA,OD2,Mucosa,AscendingColon
ODIWGS16,Kpne_KpnG,OD2,Mucosa,AscendingColon
ODIWGS16,oqxA,OD2,Mucosa,AscendingColon
ODIWGS16,Kpne_acrA,OD2,Mucosa,AscendingColon
ODIWGS16,CfxA2,OD2,Mucosa,AscendingColon
ODIWGS16,tet(X),OD2,Mucosa,AscendingColon
ODIWGS16,tet(X1),OD2,Mucosa,AscendingColon
ODIWGS16,tet(O),OD2,Mucosa,AscendingColon
ODIWGS16,ArnT,OD2,Mucosa,AscendingColon
ODIWGS16,oqxB,OD2,Mucosa,AscendingColon
ODIWGS17,Mrx,OD5,Lumen,AscendingColon
ODIWGS18,tet(M),OD5,Mucosa,DescendingColon
ODIWGS18,mel,OD5,Mucosa,DescendingColon
ODIWGS18,emrB,OD5,Mucosa,DescendingColon
ODIWGS18,TolC,OD5,Mucosa,DescendingColon
ODIWGS18,mdtF,OD5,Mucosa,DescendingColon
ODIWGS18,tet(O/M/O),OD5,Mucosa,DescendingColon
ODIWGS18,tet(W/N/W),OD5,Mucosa,DescendingColon
ODIWGS18,tet(W),OD5,Mucosa,DescendingColon
ODIWGS18,LlmA_23S_CLI,OD5,Mucosa,DescendingColon
ODIWGS18,tet(37),OD5,Mucosa,DescendingColon
ODIWGS18,mefH,OD5,Mucosa,DescendingColon
ODIWGS18,tet(Q),OD5,Mucosa,DescendingColon
ODIWGS18,Bbif_ileS_MUP,OD5,Mucosa,DescendingColon
ODIWGS18,lnuC,OD5,Mucosa,DescendingColon
ODIWGS18,Paer_emrE,OD5,Mucosa,DescendingColon
ODIWGS18,OmpA,OD5,Mucosa,DescendingColon
ODIWGS18,abeS,OD5,Mucosa,DescendingColon
ODIWGS18,dfrF,OD5,Mucosa,DescendingColon
ODIWGS18,tet(O/W),OD5,Mucosa,DescendingColon
ODIWGS18,Bado_rpoB_RIF,OD5,Mucosa,DescendingColon
ODIWGS18,tetB(P),OD5,Mucosa,DescendingColon
ODIWGS18,tet(W/32/O),OD5,Mucosa,DescendingColon
ODIWGS18,lmrD,OD5,Mucosa,DescendingColon
ODIWGS18,tet(32),OD5,Mucosa,DescendingColon
ODIWGS18,tet(40),OD5,Mucosa,DescendingColon
ODIWGS18,vanU_in_vanG_cl,OD5,Mucosa,DescendingColon
ODIWGS18,SAT-4,OD5,Mucosa,DescendingColon
ODIWGS18,tet(O/W/32/O),OD5,Mucosa,DescendingColon
ODIWGS18,ykkC,OD5,Mucosa,DescendingColon
ODIWGS18,tet(X1),OD5,Mucosa,DescendingColon
ODIWGS18,ykkD,OD5,Mucosa,DescendingColon
ODIWGS18,rsmA,OD5,Mucosa,DescendingColon
ODIWGS18,aad(6),OD5,Mucosa,DescendingColon
ODIWGS18,tet(O),OD5,Mucosa,DescendingColon
ODIWGS18,APH(3')-IIIa,OD5,Mucosa,DescendingColon
ODIWGS18,RbpA,OD5,Mucosa,DescendingColon
ODIWGS18,oqxB,OD5,Mucosa,DescendingColon
ODIWGS18,emrA,OD5,Mucosa,DescendingColon
ODIWGS18,tet(O/32/O),OD5,Mucosa,DescendingColon
ODIWGS18,mphA,OD5,Mucosa,DescendingColon
ODIWGS18,Mrx,OD5,Mucosa,DescendingColon
ODIWGS18,YajC,OD5,Mucosa,DescendingColon
ODIWGS22,pmrA,OD7,Lumen,TransverseColon
ODIWGS22,Bado_rpoB_RIF,OD7,Lumen,TransverseColon
ODIWGS22,ANT(9)-Ia,OD7,Lumen,TransverseColon
ODIWGS23,ANT(4')-Ib,OD1,Lumen,TransverseColon
ODIWGS24,tet(M),OD9,Lumen,Jejunum
ODIWGS24,vanXY_in_vanC,OD9,Lumen,Jejunum
ODIWGS24,tet(O/M/O),OD9,Lumen,Jejunum
ODIWGS24,tet(W/N/W),OD9,Lumen,Jejunum
ODIWGS24,efmA,OD9,Lumen,Jejunum
ODIWGS24,tet(W),OD9,Lumen,Jejunum
ODIWGS24,lnuC,OD9,Lumen,Jejunum
ODIWGS24,dfrF,OD9,Lumen,Jejunum
ODIWGS24,tet(O/W),OD9,Lumen,Jejunum
ODIWGS24,tet(32),OD9,Lumen,Jejunum
ODIWGS24,tet(O/W/32/O),OD9,Lumen,Jejunum
ODIWGS24,tet(O),OD9,Lumen,Jejunum
ODIWGS24,vanT_in_vanC_cl,OD9,Lumen,Jejunum
ODIWGS24,vanC,OD9,Lumen,Jejunum
ODIWGS24,vanS_in_vanC_cl,OD9,Lumen,Jejunum
ODIWGS24,tet(O/32/O),OD9,Lumen,Jejunum
ODIWGS24,ErmB,OD9,Lumen,Jejunum
ODIWGS25,tet(O),OD8,Mucosa,DescendingColon
ODIWGS25,Mrx,OD8,Mucosa,DescendingColon
ODIWGS25,eptB,OD8,Mucosa,DescendingColon
ODIWGS25,ErmB,OD8,Mucosa,DescendingColon
ODIWGS25,tet(Q),OD8,Mucosa,DescendingColon
ODIWGS25,tet(W),OD8,Mucosa,DescendingColon
ODIWGS25,ArnT,OD8,Mucosa,DescendingColon
ODIWGS25,OmpA,OD8,Mucosa,DescendingColon
ODIWGS27,mdtO,OD8,Mucosa,TransverseColon
ODIWGS27,mdtB,OD8,Mucosa,TransverseColon
ODIWGS27,TolC,OD8,Mucosa,TransverseColon
ODIWGS27,mdtE,OD8,Mucosa,TransverseColon
ODIWGS27,mdtF,OD8,Mucosa,TransverseColon
ODIWGS27,cpxA,OD8,Mucosa,TransverseColon
ODIWGS27,tet(W),OD8,Mucosa,TransverseColon
ODIWGS27,Mef(En2),OD8,Mucosa,TransverseColon
ODIWGS27,tet(37),OD8,Mucosa,TransverseColon
ODIWGS27,mefH,OD8,Mucosa,TransverseColon
ODIWGS27,acrD,OD8,Mucosa,TransverseColon
ODIWGS27,tet(Q),OD8,Mucosa,TransverseColon
ODIWGS27,Bbif_ileS_MUP,OD8,Mucosa,TransverseColon
ODIWGS27,sul2,OD8,Mucosa,TransverseColon
ODIWGS27,Bado_rpoB_RIF,OD8,Mucosa,TransverseColon
ODIWGS27,baeR,OD8,Mucosa,TransverseColon
ODIWGS27,AcrF,OD8,Mucosa,TransverseColon
ODIWGS27,CRP,OD8,Mucosa,TransverseColon
ODIWGS27,tet(40),OD8,Mucosa,TransverseColon
ODIWGS27,Ecol_acrA,OD8,Mucosa,TransverseColon
ODIWGS27,leuO,OD8,Mucosa,TransverseColon
ODIWGS27,vanU_in_vanG_cl,OD8,Mucosa,TransverseColon
ODIWGS27,emrR,OD8,Mucosa,TransverseColon
ODIWGS27,mdtP,OD8,Mucosa,TransverseColon
ODIWGS27,qacH,OD8,Mucosa,TransverseColon
ODIWGS27,acrB,OD8,Mucosa,TransverseColon
ODIWGS27,tet(O),OD8,Mucosa,TransverseColon
ODIWGS27,Kpne_KpnF,OD8,Mucosa,TransverseColon
ODIWGS27,AcrE,OD8,Mucosa,TransverseColon
ODIWGS27,APH(3')-IIIa,OD8,Mucosa,TransverseColon
ODIWGS27,baeS,OD8,Mucosa,TransverseColon
ODIWGS28,tet(M),OD5,Lumen,TransverseColon
ODIWGS28,TEM-126,OD5,Lumen,TransverseColon
ODIWGS28,emrB,OD5,Lumen,TransverseColon
ODIWGS28,TolC,OD5,Lumen,TransverseColon
ODIWGS28,mdtC,OD5,Lumen,TransverseColon
ODIWGS28,marA,OD5,Lumen,TransverseColon
ODIWGS28,mdtF,OD5,Lumen,TransverseColon
ODIWGS28,cpxA,OD5,Lumen,TransverseColon
ODIWGS28,ugd,OD5,Lumen,TransverseColon
ODIWGS28,pmrA,OD5,Lumen,TransverseColon
ODIWGS28,tet(W),OD5,Lumen,TransverseColon
ODIWGS28,LlmA_23S_CLI,OD5,Lumen,TransverseColon
ODIWGS28,tet(37),OD5,Lumen,TransverseColon
ODIWGS28,acrD,OD5,Lumen,TransverseColon
ODIWGS28,kdpE,OD5,Lumen,TransverseColon
ODIWGS28,eptA,OD5,Lumen,TransverseColon
ODIWGS28,sul2,OD5,Lumen,TransverseColon
ODIWGS28,dfrF,OD5,Lumen,TransverseColon
ODIWGS28,baeR,OD5,Lumen,TransverseColon
ODIWGS28,AcrF,OD5,Lumen,TransverseColon
ODIWGS28,CRP,OD5,Lumen,TransverseColon
ODIWGS28,emrY,OD5,Lumen,TransverseColon
ODIWGS28,AcrS,OD5,Lumen,TransverseColon
ODIWGS28,APH(6)-Id,OD5,Lumen,TransverseColon
ODIWGS28,Bsub_mprF,OD5,Lumen,TransverseColon
ODIWGS28,evgA,OD5,Lumen,TransverseColon
ODIWGS28,Ecol_acrA,OD5,Lumen,TransverseColon
ODIWGS28,mdtN,OD5,Lumen,TransverseColon
ODIWGS28,leuO,OD5,Lumen,TransverseColon
ODIWGS28,vanU_in_vanG_cl,OD5,Lumen,TransverseColon
ODIWGS28,evgS,OD5,Lumen,TransverseColon
ODIWGS28,PmrF,OD5,Lumen,TransverseColon
ODIWGS28,cprR,OD5,Lumen,TransverseColon
ODIWGS28,APH(3'')-Ib,OD5,Lumen,TransverseColon
ODIWGS28,YojI,OD5,Lumen,TransverseColon
ODIWGS28,gadX,OD5,Lumen,TransverseColon
ODIWGS28,acrB,OD5,Lumen,TransverseColon
ODIWGS28,tet(O),OD5,Lumen,TransverseColon
ODIWGS28,ArnT,OD5,Lumen,TransverseColon
ODIWGS28,gadW,OD5,Lumen,TransverseColon
ODIWGS28,dfrA3,OD5,Lumen,TransverseColon
ODIWGS28,emrA,OD5,Lumen,TransverseColon
ODIWGS28,YajC,OD5,Lumen,TransverseColon
ODIWGS28,ErmB,OD5,Lumen,TransverseColon
ODIWGS28,mdtH,OD5,Lumen,TransverseColon
ODIWGS29,tet(M),OD9,Mucosa,TransverseColon
ODIWGS29,vanS_in_vanA_cl,OD9,Mucosa,TransverseColon
ODIWGS29,vanX_in_vanA_cl,OD9,Mucosa,TransverseColon
ODIWGS29,qacL,OD9,Mucosa,TransverseColon
ODIWGS29,tet(O/M/O),OD9,Mucosa,TransverseColon
ODIWGS29,mgrA,OD9,Mucosa,TransverseColon
ODIWGS29,tet(W/N/W),OD9,Mucosa,TransverseColon
ODIWGS29,efmA,OD9,Mucosa,TransverseColon
ODIWGS29,arlR,OD9,Mucosa,TransverseColon
ODIWGS29,tet(W),OD9,Mucosa,TransverseColon
ODIWGS29,tet(38),OD9,Mucosa,TransverseColon
ODIWGS29,tet(37),OD9,Mucosa,TransverseColon
ODIWGS29,mefH,OD9,Mucosa,TransverseColon
ODIWGS29,lnuC,OD9,Mucosa,TransverseColon
ODIWGS29,Paer_emrE,OD9,Mucosa,TransverseColon
ODIWGS29,dfrF,OD9,Mucosa,TransverseColon
ODIWGS29,tet(O/W),OD9,Mucosa,TransverseColon
ODIWGS29,lmrD,OD9,Mucosa,TransverseColon
ODIWGS29,tet(32),OD9,Mucosa,TransverseColon
ODIWGS29,Saur_LmrS,OD9,Mucosa,TransverseColon
ODIWGS29,vanU_in_vanG_cl,OD9,Mucosa,TransverseColon
ODIWGS29,vanY_in_vanA_cl,OD9,Mucosa,TransverseColon
ODIWGS29,SAT-4,OD9,Mucosa,TransverseColon
ODIWGS29,tet(O/W/32/O),OD9,Mucosa,TransverseColon
ODIWGS29,vanZ_in_vanA_cl,OD9,Mucosa,TransverseColon
ODIWGS29,kdpD,OD9,Mucosa,TransverseColon
ODIWGS29,vanA,OD9,Mucosa,TransverseColon
ODIWGS29,mecA,OD9,Mucosa,TransverseColon
ODIWGS29,mepR,OD9,Mucosa,TransverseColon
ODIWGS29,msrA,OD9,Mucosa,TransverseColon
ODIWGS29,Ecol_emrE,OD9,Mucosa,TransverseColon
ODIWGS29,mecR1,OD9,Mucosa,TransverseColon
ODIWGS29,arlS,OD9,Mucosa,TransverseColon
ODIWGS29,aad(6),OD9,Mucosa,TransverseColon
ODIWGS29,tet(O),OD9,Mucosa,TransverseColon
ODIWGS29,mphC,OD9,Mucosa,TransverseColon
ODIWGS29,Saur_norA,OD9,Mucosa,TransverseColon
ODIWGS29,APH(3')-IIIa,OD9,Mucosa,TransverseColon
ODIWGS29,vanR_in_vanA_cl,OD9,Mucosa,TransverseColon
ODIWGS29,mepA,OD9,Mucosa,TransverseColon
ODIWGS29,norC,OD9,Mucosa,TransverseColon
ODIWGS29,tet(O/32/O),OD9,Mucosa,TransverseColon
ODIWGS29,ErmB,OD9,Mucosa,TransverseColon
ODIWGS29,sdrM,OD9,Mucosa,TransverseColon
ODIWGS29,vanH_in_vanA_cl,OD9,Mucosa,TransverseColon
ODIWGS30,tetA(46),OD3,Lumen,Ileum
ODIWGS31,ANT(4')-Ib,OD8,Mucosa,Jejunum
ODIWGS31,LlmA_23S_CLI,OD8,Mucosa,Jejunum
ODIWGS33,bacA,OD5,Lumen,Jejunum
ODIWGS33,Bbif_ileS_MUP,OD5,Lumen,Jejunum
ODIWGS33,mdtO,OD5,Lumen,Jejunum
ODIWGS33,emrA,OD5,Lumen,Jejunum
ODIWGS33,Mrx,OD5,Lumen,Jejunum
ODIWGS33,Ecol_acrA,OD5,Lumen,Jejunum
ODIWGS33,eptA,OD5,Lumen,Jejunum
ODIWGS33,YojI,OD5,Lumen,Jejunum
ODIWGS33,mdtF,OD5,Lumen,Jejunum
ODIWGS33,ykkD,OD5,Lumen,Jejunum
ODIWGS33,gadX,OD5,Lumen,Jejunum
ODIWGS33,acrB,OD5,Lumen,Jejunum
ODIWGS33,tet(Q),OD5,Lumen,Jejunum
ODIWGS33,tet(37),OD5,Lumen,Jejunum
ODIWGS33,acrD,OD5,Lumen,Jejunum
ODIWGS33,Kpne_KpnF,OD5,Lumen,Jejunum
ODIWGS33,Mef(En2),OD5,Lumen,Jejunum
ODIWGS33,msbA,OD5,Lumen,Jejunum
ODIWGS33,mdtP,OD5,Lumen,Jejunum
ODIWGS33,AcrF,OD5,Lumen,Jejunum
ODIWGS33,emrR,OD5,Lumen,Jejunum
ODIWGS34,tet(M),OD7,Lumen,DescendingColon
ODIWGS34,mel,OD7,Lumen,DescendingColon
ODIWGS34,tet(O/M/O),OD7,Lumen,DescendingColon
ODIWGS34,tet(W/N/W),OD7,Lumen,DescendingColon
ODIWGS34,tet(W),OD7,Lumen,DescendingColon
ODIWGS34,LlmA_23S_CLI,OD7,Lumen,DescendingColon
ODIWGS34,tet(37),OD7,Lumen,DescendingColon
ODIWGS34,mefH,OD7,Lumen,DescendingColon
ODIWGS34,dfrF,OD7,Lumen,DescendingColon
ODIWGS34,tet(O/W),OD7,Lumen,DescendingColon
ODIWGS34,tet(32),OD7,Lumen,DescendingColon
ODIWGS34,tet(40),OD7,Lumen,DescendingColon
ODIWGS34,vanU_in_vanG_cl,OD7,Lumen,DescendingColon
ODIWGS34,tet(O/W/32/O),OD7,Lumen,DescendingColon
ODIWGS34,acrB,OD7,Lumen,DescendingColon
ODIWGS34,tet(O),OD7,Lumen,DescendingColon
ODIWGS34,RbpA,OD7,Lumen,DescendingColon
ODIWGS34,tet(O/32/O),OD7,Lumen,DescendingColon
ODIWGS35,tet(O),OD9,Lumen,Ileum
ODIWGS35,AcrE,OD9,Lumen,Ileum
ODIWGS35,mdtO,OD9,Lumen,Ileum
ODIWGS35,emrB,OD9,Lumen,Ileum
ODIWGS35,evgS,OD9,Lumen,Ileum
ODIWGS35,Mrx,OD9,Lumen,Ileum
ODIWGS35,Ecol_acrA,OD9,Lumen,Ileum
ODIWGS35,APH(3')-IIIa,OD9,Lumen,Ileum
ODIWGS35,eptA,OD9,Lumen,Ileum
ODIWGS35,vanU_in_vanG_cl,OD9,Lumen,Ileum
ODIWGS35,mel,OD9,Lumen,Ileum
ODIWGS35,H-NS,OD9,Lumen,Ileum
ODIWGS35,acrB,OD9,Lumen,Ileum
ODIWGS35,CfxA2,OD9,Lumen,Ileum
ODIWGS35,tet(W),OD9,Lumen,Ileum
ODIWGS35,abcA,OD9,Lumen,Ileum
ODIWGS35,LlmA_23S_CLI,OD9,Lumen,Ileum
ODIWGS35,TolC,OD9,Lumen,Ileum
ODIWGS35,baeR,OD9,Lumen,Ileum
ODIWGS35,mphC,OD9,Lumen,Ileum
ODIWGS35,mdtA,OD9,Lumen,Ileum
ODIWGS35,acrD,OD9,Lumen,Ileum
ODIWGS35,mdtG,OD9,Lumen,Ileum
ODIWGS37,tet(M),OD3,Mucosa,TransverseColon
ODIWGS37,ANT(6)-Ia,OD3,Mucosa,TransverseColon
ODIWGS37,lsaA,OD3,Mucosa,TransverseColon
ODIWGS37,Kpne_KpnE,OD3,Mucosa,TransverseColon
ODIWGS37,mel,OD3,Mucosa,TransverseColon
ODIWGS37,emrB,OD3,Mucosa,TransverseColon
ODIWGS37,TolC,OD3,Mucosa,TransverseColon
ODIWGS37,efrA,OD3,Mucosa,TransverseColon
ODIWGS37,mdtE,OD3,Mucosa,TransverseColon
ODIWGS37,marA,OD3,Mucosa,TransverseColon
ODIWGS37,mdtF,OD3,Mucosa,TransverseColon
ODIWGS37,cpxA,OD3,Mucosa,TransverseColon
ODIWGS37,tet(W),OD3,Mucosa,TransverseColon
ODIWGS37,msbA,OD3,Mucosa,TransverseColon
ODIWGS37,tet(37),OD3,Mucosa,TransverseColon
ODIWGS37,acrD,OD3,Mucosa,TransverseColon
ODIWGS37,tet(Q),OD3,Mucosa,TransverseColon
ODIWGS37,lnuC,OD3,Mucosa,TransverseColon
ODIWGS37,eptA,OD3,Mucosa,TransverseColon
ODIWGS37,AcrF,OD3,Mucosa,TransverseColon
ODIWGS37,AcrS,OD3,Mucosa,TransverseColon
ODIWGS37,mdtG,OD3,Mucosa,TransverseColon
ODIWGS37,efrB,OD3,Mucosa,TransverseColon
ODIWGS37,evgA,OD3,Mucosa,TransverseColon
ODIWGS37,Ecol_acrA,OD3,Mucosa,TransverseColon
ODIWGS37,CfxA2,OD3,Mucosa,TransverseColon
ODIWGS37,evgS,OD3,Mucosa,TransverseColon
ODIWGS37,ykkC,OD3,Mucosa,TransverseColon
ODIWGS37,YojI,OD3,Mucosa,TransverseColon
ODIWGS37,bacA,OD3,Mucosa,TransverseColon
ODIWGS37,gadX,OD3,Mucosa,TransverseColon
ODIWGS37,acrB,OD3,Mucosa,TransverseColon
ODIWGS37,tet(O),OD3,Mucosa,TransverseColon
ODIWGS37,AcrE,OD3,Mucosa,TransverseColon
ODIWGS37,baeS,OD3,Mucosa,TransverseColon
ODIWGS37,ErmB,OD3,Mucosa,TransverseColon
ODIWGS38,tet(M),OD4,Mucosa,AscendingColon
ODIWGS38,ANT(6)-Ia,OD4,Mucosa,AscendingColon
ODIWGS38,lsaE,OD4,Mucosa,AscendingColon
ODIWGS38,mdtO,OD4,Mucosa,AscendingColon
ODIWGS38,lsaA,OD4,Mucosa,AscendingColon
ODIWGS38,qacE,OD4,Mucosa,AscendingColon
ODIWGS38,mdtB,OD4,Mucosa,AscendingColon
ODIWGS38,mel,OD4,Mucosa,AscendingColon
ODIWGS38,vanV_in_vanB_cl,OD4,Mucosa,AscendingColon
ODIWGS38,emrB,OD4,Mucosa,AscendingColon
ODIWGS38,TolC,OD4,Mucosa,AscendingColon
ODIWGS38,qacG,OD4,Mucosa,AscendingColon
ODIWGS38,efrA,OD4,Mucosa,AscendingColon
ODIWGS38,mdtE,OD4,Mucosa,AscendingColon
ODIWGS38,qacL,OD4,Mucosa,AscendingColon
ODIWGS38,mdtF,OD4,Mucosa,AscendingColon
ODIWGS38,cpxA,OD4,Mucosa,AscendingColon
ODIWGS38,tet(O/M/O),OD4,Mucosa,AscendingColon
ODIWGS38,tet(W/N/W),OD4,Mucosa,AscendingColon
ODIWGS38,dfrG,OD4,Mucosa,AscendingColon
ODIWGS38,tet(W),OD4,Mucosa,AscendingColon
ODIWGS38,msbA,OD4,Mucosa,AscendingColon
ODIWGS38,tet(37),OD4,Mucosa,AscendingColon
ODIWGS38,mefH,OD4,Mucosa,AscendingColon
ODIWGS38,acrD,OD4,Mucosa,AscendingColon
ODIWGS38,tet(Q),OD4,Mucosa,AscendingColon
ODIWGS38,Bbif_ileS_MUP,OD4,Mucosa,AscendingColon
ODIWGS38,lnuC,OD4,Mucosa,AscendingColon
ODIWGS38,eptA,OD4,Mucosa,AscendingColon
ODIWGS38,Paer_emrE,OD4,Mucosa,AscendingColon
ODIWGS38,abeS,OD4,Mucosa,AscendingColon
ODIWGS38,tet(O/W),OD4,Mucosa,AscendingColon
ODIWGS38,Bado_rpoB_RIF,OD4,Mucosa,AscendingColon
ODIWGS38,AcrF,OD4,Mucosa,AscendingColon
ODIWGS38,CRP,OD4,Mucosa,AscendingColon
ODIWGS38,tetB(P),OD4,Mucosa,AscendingColon
ODIWGS38,tet(W/32/O),OD4,Mucosa,AscendingColon
ODIWGS38,tet(32),OD4,Mucosa,AscendingColon
ODIWGS38,tet(40),OD4,Mucosa,AscendingColon
ODIWGS38,mdtG,OD4,Mucosa,AscendingColon
ODIWGS38,efrB,OD4,Mucosa,AscendingColon
ODIWGS38,emeA,OD4,Mucosa,AscendingColon
ODIWGS38,vanU_in_vanG_cl,OD4,Mucosa,AscendingColon
ODIWGS38,SAT-4,OD4,Mucosa,AscendingColon
ODIWGS38,PmrF,OD4,Mucosa,AscendingColon
ODIWGS38,tet(O/W/32/O),OD4,Mucosa,AscendingColon
ODIWGS38,qacEdelta1,OD4,Mucosa,AscendingColon
ODIWGS38,ykkC,OD4,Mucosa,AscendingColon
ODIWGS38,YojI,OD4,Mucosa,AscendingColon
ODIWGS38,Ecol_emrE,OD4,Mucosa,AscendingColon
ODIWGS38,bacA,OD4,Mucosa,AscendingColon
ODIWGS38,ykkD,OD4,Mucosa,AscendingColon
ODIWGS38,acrB,OD4,Mucosa,AscendingColon
ODIWGS38,aad(6),OD4,Mucosa,AscendingColon
ODIWGS38,tet(O),OD4,Mucosa,AscendingColon
ODIWGS38,Kpne_KpnF,OD4,Mucosa,AscendingColon
ODIWGS38,AcrE,OD4,Mucosa,AscendingColon
ODIWGS38,dfrE,OD4,Mucosa,AscendingColon
ODIWGS38,APH(3')-IIIa,OD4,Mucosa,AscendingColon
ODIWGS38,RbpA,OD4,Mucosa,AscendingColon
ODIWGS38,emrA,OD4,Mucosa,AscendingColon
ODIWGS38,Mrx,OD4,Mucosa,AscendingColon
ODIWGS38,YajC,OD4,Mucosa,AscendingColon
ODIWGS38,baeS,OD4,Mucosa,AscendingColon
ODIWGS38,ErmB,OD4,Mucosa,AscendingColon
ODIWGS39,tet(M),OD9,Mucosa,AscendingColon
ODIWGS39,vanV_in_vanB_cl,OD9,Mucosa,AscendingColon
ODIWGS39,vanXY_in_vanC,OD9,Mucosa,AscendingColon
ODIWGS39,APH(2'')-IIa,OD9,Mucosa,AscendingColon
ODIWGS39,qacL,OD9,Mucosa,AscendingColon
ODIWGS39,tet(44),OD9,Mucosa,AscendingColon
ODIWGS39,tet(O/M/O),OD9,Mucosa,AscendingColon
ODIWGS39,tet(W/N/W),OD9,Mucosa,AscendingColon
ODIWGS39,efmA,OD9,Mucosa,AscendingColon
ODIWGS39,tet(W),OD9,Mucosa,AscendingColon
ODIWGS39,mreA,OD9,Mucosa,AscendingColon
ODIWGS39,msrC,OD9,Mucosa,AscendingColon
ODIWGS39,lnuC,OD9,Mucosa,AscendingColon
ODIWGS39,abeS,OD9,Mucosa,AscendingColon
ODIWGS39,dfrF,OD9,Mucosa,AscendingColon
ODIWGS39,tet(O/W),OD9,Mucosa,AscendingColon
ODIWGS39,Bado_rpoB_RIF,OD9,Mucosa,AscendingColon
ODIWGS39,tet(32),OD9,Mucosa,AscendingColon
ODIWGS39,vanU_in_vanG_cl,OD9,Mucosa,AscendingColon
ODIWGS39,SAT-4,OD9,Mucosa,AscendingColon
ODIWGS39,vanR_in_vanC_cl,OD9,Mucosa,AscendingColon
ODIWGS39,tet(O/W/32/O),OD9,Mucosa,AscendingColon
ODIWGS39,Ecol_emrE,OD9,Mucosa,AscendingColon
ODIWGS39,AAC(6')-Ii,OD9,Mucosa,AscendingColon
ODIWGS39,aad(6),OD9,Mucosa,AscendingColon
ODIWGS39,tet(O),OD9,Mucosa,AscendingColon
ODIWGS39,Saga_mprF,OD9,Mucosa,AscendingColon
ODIWGS39,vanT_in_vanC_cl,OD9,Mucosa,AscendingColon
ODIWGS39,vanC,OD9,Mucosa,AscendingColon
ODIWGS39,APH(3')-IIIa,OD9,Mucosa,AscendingColon
ODIWGS39,vanS_in_vanC_cl,OD9,Mucosa,AscendingColon
ODIWGS39,ANT(4')-Ib,OD9,Mucosa,AscendingColon
ODIWGS39,tet(O/32/O),OD9,Mucosa,AscendingColon
ODIWGS39,ErmB,OD9,Mucosa,AscendingColon
ODIWGS40,tet(O),OD3,Mucosa,Duodenum
ODIWGS40,Bado_rpoB_RIF,OD3,Mucosa,Duodenum
ODIWGS40,tet(Q),OD3,Mucosa,Duodenum
ODIWGS40,qacE,OD3,Mucosa,Duodenum
ODIWGS41,TEM-126,OD2,Mucosa,Jejunum
ODIWGS41,EC-18,OD2,Mucosa,Jejunum
ODIWGS41,mdtO,OD2,Mucosa,Jejunum
ODIWGS41,qacE,OD2,Mucosa,Jejunum
ODIWGS41,mdtB,OD2,Mucosa,Jejunum
ODIWGS41,Kpne_KpnE,OD2,Mucosa,Jejunum
ODIWGS41,emrB,OD2,Mucosa,Jejunum
ODIWGS41,TolC,OD2,Mucosa,Jejunum
ODIWGS41,mdtC,OD2,Mucosa,Jejunum
ODIWGS41,qacG,OD2,Mucosa,Jejunum
ODIWGS41,mdtE,OD2,Mucosa,Jejunum
ODIWGS41,marA,OD2,Mucosa,Jejunum
ODIWGS41,qacL,OD2,Mucosa,Jejunum
ODIWGS41,mdtF,OD2,Mucosa,Jejunum
ODIWGS41,cpxA,OD2,Mucosa,Jejunum
ODIWGS41,ugd,OD2,Mucosa,Jejunum
ODIWGS41,tet(W),OD2,Mucosa,Jejunum
ODIWGS41,msbA,OD2,Mucosa,Jejunum
ODIWGS41,Ecol_mdfA,OD2,Mucosa,Jejunum
ODIWGS41,acrD,OD2,Mucosa,Jejunum
ODIWGS41,AAC(6')-Ib7,OD2,Mucosa,Jejunum
ODIWGS41,kdpE,OD2,Mucosa,Jejunum
ODIWGS41,eptA,OD2,Mucosa,Jejunum
ODIWGS41,Paer_emrE,OD2,Mucosa,Jejunum
ODIWGS41,sul2,OD2,Mucosa,Jejunum
ODIWGS41,abeS,OD2,Mucosa,Jejunum
ODIWGS41,baeR,OD2,Mucosa,Jejunum
ODIWGS41,AcrF,OD2,Mucosa,Jejunum
ODIWGS41,CRP,OD2,Mucosa,Jejunum
ODIWGS41,tetB(P),OD2,Mucosa,Jejunum
ODIWGS41,emrY,OD2,Mucosa,Jejunum
ODIWGS41,AcrS,OD2,Mucosa,Jejunum
ODIWGS41,APH(6)-Id,OD2,Mucosa,Jejunum
ODIWGS41,mdtG,OD2,Mucosa,Jejunum
ODIWGS41,evgA,OD2,Mucosa,Jejunum
ODIWGS41,Ecol_acrA,OD2,Mucosa,Jejunum
ODIWGS41,mdtN,OD2,Mucosa,Jejunum
ODIWGS41,leuO,OD2,Mucosa,Jejunum
ODIWGS41,evgS,OD2,Mucosa,Jejunum
ODIWGS41,PmrF,OD2,Mucosa,Jejunum
ODIWGS41,emrR,OD2,Mucosa,Jejunum
ODIWGS41,emrK,OD2,Mucosa,Jejunum
ODIWGS41,EC-13,OD2,Mucosa,Jejunum
ODIWGS41,ykkC,OD2,Mucosa,Jejunum
ODIWGS41,Ecol_ampC_BLA,OD2,Mucosa,Jejunum
ODIWGS41,APH(3'')-Ib,OD2,Mucosa,Jejunum
ODIWGS41,mdtP,OD2,Mucosa,Jejunum
ODIWGS41,YojI,OD2,Mucosa,Jejunum
ODIWGS41,qacH,OD2,Mucosa,Jejunum
ODIWGS41,Ecol_emrE,OD2,Mucosa,Jejunum
ODIWGS41,bacA,OD2,Mucosa,Jejunum
ODIWGS41,gadX,OD2,Mucosa,Jejunum
ODIWGS41,ykkD,OD2,Mucosa,Jejunum
ODIWGS41,acrB,OD2,Mucosa,Jejunum
ODIWGS41,rsmA,OD2,Mucosa,Jejunum
ODIWGS41,tet(O),OD2,Mucosa,Jejunum
ODIWGS41,gadW,OD2,Mucosa,Jejunum
ODIWGS41,Kpne_KpnF,OD2,Mucosa,Jejunum
ODIWGS41,AcrE,OD2,Mucosa,Jejunum
ODIWGS41,ANT(4')-Ib,OD2,Mucosa,Jejunum
ODIWGS41,emrA,OD2,Mucosa,Jejunum
ODIWGS41,mphA,OD2,Mucosa,Jejunum
ODIWGS41,mdtA,OD2,Mucosa,Jejunum
ODIWGS41,Mrx,OD2,Mucosa,Jejunum
ODIWGS41,YajC,OD2,Mucosa,Jejunum
ODIWGS41,baeS,OD2,Mucosa,Jejunum
ODIWGS41,mdtH,OD2,Mucosa,Jejunum
ODIWGS41,H-NS,OD2,Mucosa,Jejunum
ODIWGS41,tet(B),OD2,Mucosa,Jejunum
ODIWGS42,bacA,OD3,Mucosa,DescendingColon
ODIWGS42,tet(B),OD3,Mucosa,DescendingColon
ODIWGS42,cpxA,OD3,Mucosa,DescendingColon
ODIWGS42,tet(O),OD3,Mucosa,DescendingColon
ODIWGS42,AcrE,OD3,Mucosa,DescendingColon
ODIWGS42,mdtO,OD3,Mucosa,DescendingColon
ODIWGS42,emrY,OD3,Mucosa,DescendingColon
ODIWGS42,CRP,OD3,Mucosa,DescendingColon
ODIWGS42,evgS,OD3,Mucosa,DescendingColon
ODIWGS42,Mrx,OD3,Mucosa,DescendingColon
ODIWGS42,APH(6)-Id,OD3,Mucosa,DescendingColon
ODIWGS42,mphA,OD3,Mucosa,DescendingColon
ODIWGS42,ANT(4')-Ib,OD3,Mucosa,DescendingColon
ODIWGS42,mdtF,OD3,Mucosa,DescendingColon
ODIWGS42,tet(W),OD3,Mucosa,DescendingColon
ODIWGS42,TolC,OD3,Mucosa,DescendingColon
ODIWGS42,Kpne_KpnF,OD3,Mucosa,DescendingColon
ODIWGS42,AcrF,OD3,Mucosa,DescendingColon
ODIWGS42,amrA,OD3,Mucosa,DescendingColon
ODIWGS43,ANT(4')-Ib,OD7,Lumen,AscendingColon
ODIWGS44,tet(M),OD7,Lumen,Ileum
ODIWGS44,qacE,OD7,Lumen,Ileum
ODIWGS44,vanS_in_vanA_cl,OD7,Lumen,Ileum
ODIWGS44,aadS,OD7,Lumen,Ileum
ODIWGS44,erm(45),OD7,Lumen,Ileum
ODIWGS44,tet(W/N/W),OD7,Lumen,Ileum
ODIWGS44,tet(W),OD7,Lumen,Ileum
ODIWGS44,LlmA_23S_CLI,OD7,Lumen,Ileum
ODIWGS44,tet(38),OD7,Lumen,Ileum
ODIWGS44,tet(Q),OD7,Lumen,Ileum
ODIWGS44,Paer_emrE,OD7,Lumen,Ileum
ODIWGS44,dfrF,OD7,Lumen,Ileum
ODIWGS44,tetB(P),OD7,Lumen,Ileum
ODIWGS44,tet(32),OD7,Lumen,Ileum
ODIWGS44,Saur_LmrS,OD7,Lumen,Ileum
ODIWGS44,nimJ,OD7,Lumen,Ileum
ODIWGS44,vanU_in_vanG_cl,OD7,Lumen,Ileum
ODIWGS44,SAT-4,OD7,Lumen,Ileum
ODIWGS44,tet(O/W/32/O),OD7,Lumen,Ileum
ODIWGS44,Erm(35),OD7,Lumen,Ileum
ODIWGS44,kdpD,OD7,Lumen,Ileum
ODIWGS44,vanA,OD7,Lumen,Ileum
ODIWGS44,tet(X1),OD7,Lumen,Ileum
ODIWGS44,mecA,OD7,Lumen,Ileum
ODIWGS44,TxR,OD7,Lumen,Ileum
ODIWGS44,msrA,OD7,Lumen,Ileum
ODIWGS44,mecR1,OD7,Lumen,Ileum
ODIWGS44,arlS,OD7,Lumen,Ileum
ODIWGS44,tet(O),OD7,Lumen,Ileum
ODIWGS44,mphC,OD7,Lumen,Ileum
ODIWGS44,APH(3')-IIIa,OD7,Lumen,Ileum
ODIWGS44,mepA,OD7,Lumen,Ileum
ODIWGS44,carA,OD7,Lumen,Ileum
ODIWGS44,ANT(4')-Ib,OD7,Lumen,Ileum
ODIWGS44,sdrM,OD7,Lumen,Ileum
ODIWGS44,vanH_in_vanA_cl,OD7,Lumen,Ileum
ODIWGS45,ANT(4')-Ib,OD8,Mucosa,Duodenum
ODIWGS45,LptD,OD8,Mucosa,Duodenum
ODIWGS46,tetB(P),OD7,Lumen,Jejunum
ODIWGS46,Mrx,OD7,Lumen,Jejunum
ODIWGS46,ANT(4')-Ib,OD7,Lumen,Jejunum
ODIWGS46,gadX,OD7,Lumen,Jejunum
ODIWGS46,TxR,OD7,Lumen,Jejunum
ODIWGS46,MexD,OD7,Lumen,Jejunum
ODIWGS46,LlmA_23S_CLI,OD7,Lumen,Jejunum
ODIWGS47,lsaA,OD2,Lumen,TransverseColon
ODIWGS47,qacE,OD2,Lumen,TransverseColon
ODIWGS47,Kpne_KpnE,OD2,Lumen,TransverseColon
ODIWGS47,qacG,OD2,Lumen,TransverseColon
ODIWGS47,efrA,OD2,Lumen,TransverseColon
ODIWGS47,qacL,OD2,Lumen,TransverseColon
ODIWGS47,mgrA,OD2,Lumen,TransverseColon
ODIWGS47,arlR,OD2,Lumen,TransverseColon
ODIWGS47,tet(W),OD2,Lumen,TransverseColon
ODIWGS47,qacJ,OD2,Lumen,TransverseColon
ODIWGS47,tet(38),OD2,Lumen,TransverseColon
ODIWGS47,abeS,OD2,Lumen,TransverseColon
ODIWGS47,Bsub_mprF,OD2,Lumen,TransverseColon
ODIWGS47,Saur_LmrS,OD2,Lumen,TransverseColon
ODIWGS47,efrB,OD2,Lumen,TransverseColon
ODIWGS47,lin,OD2,Lumen,TransverseColon
ODIWGS47,vanU_in_vanG_cl,OD2,Lumen,TransverseColon
ODIWGS47,tet(L),OD2,Lumen,TransverseColon
ODIWGS47,MuxC,OD2,Lumen,TransverseColon
ODIWGS47,qacEdelta1,OD2,Lumen,TransverseColon
ODIWGS47,kdpD,OD2,Lumen,TransverseColon
ODIWGS47,Lmon_mprF,OD2,Lumen,TransverseColon
ODIWGS47,mepR,OD2,Lumen,TransverseColon
ODIWGS47,TxR,OD2,Lumen,TransverseColon
ODIWGS47,norB,OD2,Lumen,TransverseColon
ODIWGS47,qacH,OD2,Lumen,TransverseColon
ODIWGS47,Ecol_emrE,OD2,Lumen,TransverseColon
ODIWGS47,mecR1,OD2,Lumen,TransverseColon
ODIWGS47,ykkD,OD2,Lumen,TransverseColon
ODIWGS47,FosX,OD2,Lumen,TransverseColon
ODIWGS47,arlS,OD2,Lumen,TransverseColon
ODIWGS47,Saur_norA,OD2,Lumen,TransverseColon
ODIWGS47,PC1_blaZ,OD2,Lumen,TransverseColon
ODIWGS47,mepA,OD2,Lumen,TransverseColon
ODIWGS47,norC,OD2,Lumen,TransverseColon
ODIWGS47,ANT(4')-Ib,OD2,Lumen,TransverseColon
ODIWGS47,mphA,OD2,Lumen,TransverseColon
ODIWGS47,Mrx,OD2,Lumen,TransverseColon
ODIWGS47,YajC,OD2,Lumen,TransverseColon
ODIWGS47,sdrM,OD2,Lumen,TransverseColon
ODIWGS48,tet(O),OD8,Lumen,Jejunum
ODIWGS48,Mrx,OD8,Lumen,Jejunum
ODIWGS48,mphA,OD8,Lumen,Jejunum
ODIWGS48,tet(40),OD8,Lumen,Jejunum
ODIWGS48,ANT(4')-Ib,OD8,Lumen,Jejunum
ODIWGS48,tet(W),OD8,Lumen,Jejunum
ODIWGS48,Kpne_KpnF,OD8,Lumen,Jejunum
ODIWGS48,qacG,OD8,Lumen,Jejunum
ODIWGS49,Mrx,OD5,Lumen,Ileum
ODIWGS49,mphA,OD5,Lumen,Ileum
ODIWGS50,mdtO,OD9,Mucosa,Jejunum
ODIWGS53,tet(O),OD5,Mucosa,Duodenum
ODIWGS53,Ecol_acrA,OD5,Mucosa,Duodenum
ODIWGS53,LlmA_23S_CLI,OD5,Mucosa,Duodenum
ODIWGS55,ANT(4')-Ib,OD3,Lumen,DescendingColon
ODIWGS57,cpxA,OD8,Mucosa,Ileum
ODIWGS57,AcrE,OD8,Mucosa,Ileum
ODIWGS57,gadW,OD8,Mucosa,Ileum
ODIWGS57,Kpne_KpnE,OD8,Mucosa,Ileum
ODIWGS57,Mrx,OD8,Mucosa,Ileum
ODIWGS57,mphA,OD8,Mucosa,Ileum
ODIWGS57,leuO,OD8,Mucosa,Ileum
ODIWGS57,acrD,OD8,Mucosa,Ileum
ODIWGS58,tet(M),OD9,Lumen,Duodenum
ODIWGS58,mel,OD9,Lumen,Duodenum
ODIWGS58,vanS_in_vanA_cl,OD9,Lumen,Duodenum
ODIWGS58,vanX_in_vanA_cl,OD9,Lumen,Duodenum
ODIWGS58,qacL,OD9,Lumen,Duodenum
ODIWGS58,tet(O/M/O),OD9,Lumen,Duodenum
ODIWGS58,mgrA,OD9,Lumen,Duodenum
ODIWGS58,tet(W/N/W),OD9,Lumen,Duodenum
ODIWGS58,efmA,OD9,Lumen,Duodenum
ODIWGS58,dfrG,OD9,Lumen,Duodenum
ODIWGS58,arlR,OD9,Lumen,Duodenum
ODIWGS58,tet(W),OD9,Lumen,Duodenum
ODIWGS58,tet(38),OD9,Lumen,Duodenum
ODIWGS58,tet(37),OD9,Lumen,Duodenum
ODIWGS58,mefH,OD9,Lumen,Duodenum
ODIWGS58,lnuC,OD9,Lumen,Duodenum
ODIWGS58,abeS,OD9,Lumen,Duodenum
ODIWGS58,dfrF,OD9,Lumen,Duodenum
ODIWGS58,tet(O/W),OD9,Lumen,Duodenum
ODIWGS58,tetB(P),OD9,Lumen,Duodenum
ODIWGS58,lmrD,OD9,Lumen,Duodenum
ODIWGS58,tet(32),OD9,Lumen,Duodenum
ODIWGS58,tet(40),OD9,Lumen,Duodenum
ODIWGS58,Saur_LmrS,OD9,Lumen,Duodenum
ODIWGS58,lsaC,OD9,Lumen,Duodenum
ODIWGS58,tet(S),OD9,Lumen,Duodenum
ODIWGS58,vanU_in_vanG_cl,OD9,Lumen,Duodenum
ODIWGS58,vanY_in_vanA_cl,OD9,Lumen,Duodenum
ODIWGS58,SAT-4,OD9,Lumen,Duodenum
ODIWGS58,norA,OD9,Lumen,Duodenum
ODIWGS58,tet(O/W/32/O),OD9,Lumen,Duodenum
ODIWGS58,vanZ_in_vanA_cl,OD9,Lumen,Duodenum
ODIWGS58,qacEdelta1,OD9,Lumen,Duodenum
ODIWGS58,kdpD,OD9,Lumen,Duodenum
ODIWGS58,vanA,OD9,Lumen,Duodenum
ODIWGS58,mecA,OD9,Lumen,Duodenum
ODIWGS58,tetA(46),OD9,Lumen,Duodenum
ODIWGS58,mepR,OD9,Lumen,Duodenum
ODIWGS58,msrA,OD9,Lumen,Duodenum
ODIWGS58,Ecol_emrE,OD9,Lumen,Duodenum
ODIWGS58,mecR1,OD9,Lumen,Duodenum
ODIWGS58,arlS,OD9,Lumen,Duodenum
ODIWGS58,AAC(6')-Ii,OD9,Lumen,Duodenum
ODIWGS58,aad(6),OD9,Lumen,Duodenum
ODIWGS58,tet(O),OD9,Lumen,Duodenum
ODIWGS58,mphC,OD9,Lumen,Duodenum
ODIWGS58,Saur_norA,OD9,Lumen,Duodenum
ODIWGS58,APH(3')-IIIa,OD9,Lumen,Duodenum
ODIWGS58,RbpA,OD9,Lumen,Duodenum
ODIWGS58,vanR_in_vanA_cl,OD9,Lumen,Duodenum
ODIWGS58,mepA,OD9,Lumen,Duodenum
ODIWGS58,norC,OD9,Lumen,Duodenum
ODIWGS58,tetA(P),OD9,Lumen,Duodenum
ODIWGS58,tet(O/32/O),OD9,Lumen,Duodenum
ODIWGS58,YajC,OD9,Lumen,Duodenum
ODIWGS58,ErmB,OD9,Lumen,Duodenum
ODIWGS58,sdrM,OD9,Lumen,Duodenum
ODIWGS58,vanH_in_vanA_cl,OD9,Lumen,Duodenum
ODIWGS59,LlmA_23S_CLI,OD5,Mucosa,Jejunum
ODIWGS60,tet(M),OD2,Lumen,DescendingColon
ODIWGS60,mel,OD2,Lumen,DescendingColon
ODIWGS60,vanS_in_vanA_cl,OD2,Lumen,DescendingColon
ODIWGS60,tet(O/M/O),OD2,Lumen,DescendingColon
ODIWGS60,mgrA,OD2,Lumen,DescendingColon
ODIWGS60,tet(W/N/W),OD2,Lumen,DescendingColon
ODIWGS60,efmA,OD2,Lumen,DescendingColon
ODIWGS60,dfrG,OD2,Lumen,DescendingColon
ODIWGS60,arlR,OD2,Lumen,DescendingColon
ODIWGS60,tet(W),OD2,Lumen,DescendingColon
ODIWGS60,tet(38),OD2,Lumen,DescendingColon
ODIWGS60,tet(37),OD2,Lumen,DescendingColon
ODIWGS60,mefH,OD2,Lumen,DescendingColon
ODIWGS60,lnuC,OD2,Lumen,DescendingColon
ODIWGS60,Paer_emrE,OD2,Lumen,DescendingColon
ODIWGS60,abeS,OD2,Lumen,DescendingColon
ODIWGS60,dfrF,OD2,Lumen,DescendingColon
ODIWGS60,tet(O/W),OD2,Lumen,DescendingColon
ODIWGS60,tet(W/32/O),OD2,Lumen,DescendingColon
ODIWGS60,lmrD,OD2,Lumen,DescendingColon
ODIWGS60,tet(32),OD2,Lumen,DescendingColon
ODIWGS60,tet(40),OD2,Lumen,DescendingColon
ODIWGS60,Saur_LmrS,OD2,Lumen,DescendingColon
ODIWGS60,lsaC,OD2,Lumen,DescendingColon
ODIWGS60,tet(S),OD2,Lumen,DescendingColon
ODIWGS60,vanU_in_vanG_cl,OD2,Lumen,DescendingColon
ODIWGS60,vanY_in_vanA_cl,OD2,Lumen,DescendingColon
ODIWGS60,SAT-4,OD2,Lumen,DescendingColon
ODIWGS60,tet(O/W/32/O),OD2,Lumen,DescendingColon
ODIWGS60,vanZ_in_vanA_cl,OD2,Lumen,DescendingColon
ODIWGS60,kdpD,OD2,Lumen,DescendingColon
ODIWGS60,vanA,OD2,Lumen,DescendingColon
ODIWGS60,mecA,OD2,Lumen,DescendingColon
ODIWGS60,mepR,OD2,Lumen,DescendingColon
ODIWGS60,msrA,OD2,Lumen,DescendingColon
ODIWGS60,mecR1,OD2,Lumen,DescendingColon
ODIWGS60,arlS,OD2,Lumen,DescendingColon
ODIWGS60,AAC(6')-Ii,OD2,Lumen,DescendingColon
ODIWGS60,aad(6),OD2,Lumen,DescendingColon
ODIWGS60,tet(O),OD2,Lumen,DescendingColon
ODIWGS60,mphC,OD2,Lumen,DescendingColon
ODIWGS60,Saur_norA,OD2,Lumen,DescendingColon
ODIWGS60,APH(3')-IIIa,OD2,Lumen,DescendingColon
ODIWGS60,vanR_in_vanA_cl,OD2,Lumen,DescendingColon
ODIWGS60,mepA,OD2,Lumen,DescendingColon
ODIWGS60,norC,OD2,Lumen,DescendingColon
ODIWGS60,tet(O/32/O),OD2,Lumen,DescendingColon
ODIWGS60,ErmB,OD2,Lumen,DescendingColon
ODIWGS60,sdrM,OD2,Lumen,DescendingColon
ODIWGS60,vanH_in_vanA_cl,OD2,Lumen,DescendingColon
ODIWGS62,tet(M),OD9,Mucosa,Duodenum
ODIWGS62,eptB,OD9,Mucosa,Duodenum
ODIWGS62,vanS_in_vanA_cl,OD9,Mucosa,Duodenum
ODIWGS62,vanX_in_vanA_cl,OD9,Mucosa,Duodenum
ODIWGS62,mgrA,OD9,Mucosa,Duodenum
ODIWGS62,tet(W/N/W),OD9,Mucosa,Duodenum
ODIWGS62,efmA,OD9,Mucosa,Duodenum
ODIWGS62,tet(W),OD9,Mucosa,Duodenum
ODIWGS62,LlmA_23S_CLI,OD9,Mucosa,Duodenum
ODIWGS62,tet(38),OD9,Mucosa,Duodenum
ODIWGS62,Mef(En2),OD9,Mucosa,Duodenum
ODIWGS62,sul2,OD9,Mucosa,Duodenum
ODIWGS62,OmpA,OD9,Mucosa,Duodenum
ODIWGS62,dfrF,OD9,Mucosa,Duodenum
ODIWGS62,tet(32),OD9,Mucosa,Duodenum
ODIWGS62,Saur_LmrS,OD9,Mucosa,Duodenum
ODIWGS62,vanY_in_vanA_cl,OD9,Mucosa,Duodenum
ODIWGS62,SAT-4,OD9,Mucosa,Duodenum
ODIWGS62,tet(O/W/32/O),OD9,Mucosa,Duodenum
ODIWGS62,kdpD,OD9,Mucosa,Duodenum
ODIWGS62,tet(X1),OD9,Mucosa,Duodenum
ODIWGS62,mepR,OD9,Mucosa,Duodenum
ODIWGS62,msrA,OD9,Mucosa,Duodenum
ODIWGS62,arlS,OD9,Mucosa,Duodenum
ODIWGS62,tet(O),OD9,Mucosa,Duodenum
ODIWGS62,ArnT,OD9,Mucosa,Duodenum
ODIWGS62,mphC,OD9,Mucosa,Duodenum
ODIWGS62,APH(3')-IIIa,OD9,Mucosa,Duodenum
ODIWGS62,vanR_in_vanA_cl,OD9,Mucosa,Duodenum
ODIWGS62,mepA,OD9,Mucosa,Duodenum
ODIWGS62,sdrM,OD9,Mucosa,Duodenum
ODIWGS62,vanH_in_vanA_cl,OD9,Mucosa,Duodenum
ODIWGS63,ANT(4')-Ib,OD1,Lumen,Jejunum
ODIWGS65,vanV_in_vanB_cl,OD9,Mucosa,Ileum
ODIWGS65,cpxA,OD9,Mucosa,Ileum
ODIWGS65,tet(O/M/O),OD9,Mucosa,Ileum
ODIWGS65,tet(W),OD9,Mucosa,Ileum
ODIWGS65,tet(37),OD9,Mucosa,Ileum
ODIWGS65,lnuC,OD9,Mucosa,Ileum
ODIWGS65,dfrF,OD9,Mucosa,Ileum
ODIWGS65,tet(O/W),OD9,Mucosa,Ileum
ODIWGS65,Erm(52),OD9,Mucosa,Ileum
ODIWGS65,tet(32),OD9,Mucosa,Ileum
ODIWGS65,tet(40),OD9,Mucosa,Ileum
ODIWGS65,evgA,OD9,Mucosa,Ileum
ODIWGS65,vanU_in_vanG_cl,OD9,Mucosa,Ileum
ODIWGS65,evgS,OD9,Mucosa,Ileum
ODIWGS65,PmrF,OD9,Mucosa,Ileum
ODIWGS65,tet(O/W/32/O),OD9,Mucosa,Ileum
ODIWGS65,bacA,OD9,Mucosa,Ileum
ODIWGS65,acrB,OD9,Mucosa,Ileum
ODIWGS65,tet(O),OD9,Mucosa,Ileum
ODIWGS65,RbpA,OD9,Mucosa,Ileum
ODIWGS65,tet(O/32/O),OD9,Mucosa,Ileum
ODIWGS65,mphA,OD9,Mucosa,Ileum
ODIWGS65,Mrx,OD9,Mucosa,Ileum
ODIWGS65,YajC,OD9,Mucosa,Ileum
ODIWGS66,LlmA_23S_CLI,OD3,Mucosa,Jejunum
ODIWGS67,oqxB,OD2,Mucosa,TransverseColon
ODIWGS67,TolC,OD2,Mucosa,TransverseColon
ODIWGS68,tet(M),OD9,Mucosa,DescendingColon
ODIWGS68,TEM-126,OD9,Mucosa,DescendingColon
ODIWGS68,MexI,OD9,Mucosa,DescendingColon
ODIWGS68,EC-18,OD9,Mucosa,DescendingColon
ODIWGS68,mdtO,OD9,Mucosa,DescendingColon
ODIWGS68,qacE,OD9,Mucosa,DescendingColon
ODIWGS68,mdtB,OD9,Mucosa,DescendingColon
ODIWGS68,Kpne_KpnE,OD9,Mucosa,DescendingColon
ODIWGS68,eptB,OD9,Mucosa,DescendingColon
ODIWGS68,vanV_in_vanB_cl,OD9,Mucosa,DescendingColon
ODIWGS68,emrB,OD9,Mucosa,DescendingColon
ODIWGS68,TolC,OD9,Mucosa,DescendingColon
ODIWGS68,mdtC,OD9,Mucosa,DescendingColon
ODIWGS68,qacG,OD9,Mucosa,DescendingColon
ODIWGS68,mdtE,OD9,Mucosa,DescendingColon
ODIWGS68,marA,OD9,Mucosa,DescendingColon
ODIWGS68,qacL,OD9,Mucosa,DescendingColon
ODIWGS68,mdtF,OD9,Mucosa,DescendingColon
ODIWGS68,cpxA,OD9,Mucosa,DescendingColon
ODIWGS68,MexD,OD9,Mucosa,DescendingColon
ODIWGS68,tet(O/M/O),OD9,Mucosa,DescendingColon
ODIWGS68,LptD,OD9,Mucosa,DescendingColon
ODIWGS68,ugd,OD9,Mucosa,DescendingColon
ODIWGS68,tet(W/N/W),OD9,Mucosa,DescendingColon
ODIWGS68,tet(W),OD9,Mucosa,DescendingColon
ODIWGS68,msbA,OD9,Mucosa,DescendingColon
ODIWGS68,Ecol_mdfA,OD9,Mucosa,DescendingColon
ODIWGS68,tet(37),OD9,Mucosa,DescendingColon
ODIWGS68,mefH,OD9,Mucosa,DescendingColon
ODIWGS68,acrD,OD9,Mucosa,DescendingColon
ODIWGS68,tet(Q),OD9,Mucosa,DescendingColon
ODIWGS68,kdpE,OD9,Mucosa,DescendingColon
ODIWGS68,lnuC,OD9,Mucosa,DescendingColon
ODIWGS68,eptA,OD9,Mucosa,DescendingColon
ODIWGS68,mdtM,OD9,Mucosa,DescendingColon
ODIWGS68,Paer_emrE,OD9,Mucosa,DescendingColon
ODIWGS68,sul2,OD9,Mucosa,DescendingColon
ODIWGS68,OmpA,OD9,Mucosa,DescendingColon
ODIWGS68,abeS,OD9,Mucosa,DescendingColon
ODIWGS68,dfrF,OD9,Mucosa,DescendingColon
ODIWGS68,tet(O/W),OD9,Mucosa,DescendingColon
ODIWGS68,baeR,OD9,Mucosa,DescendingColon
ODIWGS68,AcrF,OD9,Mucosa,DescendingColon
ODIWGS68,CRP,OD9,Mucosa,DescendingColon
ODIWGS68,emrY,OD9,Mucosa,DescendingColon
ODIWGS68,tet(W/32/O),OD9,Mucosa,DescendingColon
ODIWGS68,AcrS,OD9,Mucosa,DescendingColon
ODIWGS68,tet(32),OD9,Mucosa,DescendingColon
ODIWGS68,APH(6)-Id,OD9,Mucosa,DescendingColon
ODIWGS68,mdtG,OD9,Mucosa,DescendingColon
ODIWGS68,MexF,OD9,Mucosa,DescendingColon
ODIWGS68,evgA,OD9,Mucosa,DescendingColon
ODIWGS68,Ecol_acrA,OD9,Mucosa,DescendingColon
ODIWGS68,mdtN,OD9,Mucosa,DescendingColon
ODIWGS68,leuO,OD9,Mucosa,DescendingColon
ODIWGS68,vanU_in_vanG_cl,OD9,Mucosa,DescendingColon
ODIWGS68,evgS,OD9,Mucosa,DescendingColon
ODIWGS68,PmrF,OD9,Mucosa,DescendingColon
ODIWGS68,tet(O/W/32/O),OD9,Mucosa,DescendingColon
ODIWGS68,emrR,OD9,Mucosa,DescendingColon
ODIWGS68,emrK,OD9,Mucosa,DescendingColon
ODIWGS68,tet(A),OD9,Mucosa,DescendingColon
ODIWGS68,qacEdelta1,OD9,Mucosa,DescendingColon
ODIWGS68,EC-13,OD9,Mucosa,DescendingColon
ODIWGS68,Ecol_ampC_BLA,OD9,Mucosa,DescendingColon
ODIWGS68,APH(3'')-Ib,OD9,Mucosa,DescendingColon
ODIWGS68,mdtP,OD9,Mucosa,DescendingColon
ODIWGS68,YojI,OD9,Mucosa,DescendingColon
ODIWGS68,qacH,OD9,Mucosa,DescendingColon
ODIWGS68,Ecol_emrE,OD9,Mucosa,DescendingColon
ODIWGS68,bacA,OD9,Mucosa,DescendingColon
ODIWGS68,gadX,OD9,Mucosa,DescendingColon
ODIWGS68,ykkD,OD9,Mucosa,DescendingColon
ODIWGS68,acrB,OD9,Mucosa,DescendingColon
ODIWGS68,Eclo_acrA,OD9,Mucosa,DescendingColon
ODIWGS68,rsmA,OD9,Mucosa,DescendingColon
ODIWGS68,tet(O),OD9,Mucosa,DescendingColon
ODIWGS68,ArnT,OD9,Mucosa,DescendingColon
ODIWGS68,gadW,OD9,Mucosa,DescendingColon
ODIWGS68,Kpne_KpnF,OD9,Mucosa,DescendingColon
ODIWGS68,AcrE,OD9,Mucosa,DescendingColon
ODIWGS68,RbpA,OD9,Mucosa,DescendingColon
ODIWGS68,oqxB,OD9,Mucosa,DescendingColon
ODIWGS68,emrA,OD9,Mucosa,DescendingColon
ODIWGS68,tet(O/32/O),OD9,Mucosa,DescendingColon
ODIWGS68,mdtA,OD9,Mucosa,DescendingColon
ODIWGS68,YajC,OD9,Mucosa,DescendingColon
ODIWGS68,baeS,OD9,Mucosa,DescendingColon
ODIWGS68,ErmB,OD9,Mucosa,DescendingColon
ODIWGS68,mdtH,OD9,Mucosa,DescendingColon
ODIWGS68,H-NS,OD9,Mucosa,DescendingColon
ODIWGS68,ErmX,OD9,Mucosa,DescendingColon
ODIWGS70,TEM-126,OD7,Mucosa,Duodenum
ODIWGS70,EC-18,OD7,Mucosa,Duodenum
ODIWGS70,mdtO,OD7,Mucosa,Duodenum
ODIWGS70,mdtB,OD7,Mucosa,Duodenum
ODIWGS70,Kpne_KpnE,OD7,Mucosa,Duodenum
ODIWGS70,emrB,OD7,Mucosa,Duodenum
ODIWGS70,TolC,OD7,Mucosa,Duodenum
ODIWGS70,mdtC,OD7,Mucosa,Duodenum
ODIWGS70,mdtE,OD7,Mucosa,Duodenum
ODIWGS70,marA,OD7,Mucosa,Duodenum
ODIWGS70,qacL,OD7,Mucosa,Duodenum
ODIWGS70,mdtF,OD7,Mucosa,Duodenum
ODIWGS70,cpxA,OD7,Mucosa,Duodenum
ODIWGS70,ugd,OD7,Mucosa,Duodenum
ODIWGS70,msbA,OD7,Mucosa,Duodenum
ODIWGS70,Ecol_mdfA,OD7,Mucosa,Duodenum
ODIWGS70,acrD,OD7,Mucosa,Duodenum
ODIWGS70,AAC(6')-Ib7,OD7,Mucosa,Duodenum
ODIWGS70,kdpE,OD7,Mucosa,Duodenum
ODIWGS70,eptA,OD7,Mucosa,Duodenum
ODIWGS70,sul2,OD7,Mucosa,Duodenum
ODIWGS70,abeS,OD7,Mucosa,Duodenum
ODIWGS70,AcrF,OD7,Mucosa,Duodenum
ODIWGS70,CRP,OD7,Mucosa,Duodenum
ODIWGS70,emrY,OD7,Mucosa,Duodenum
ODIWGS70,AcrS,OD7,Mucosa,Duodenum
ODIWGS70,APH(6)-Id,OD7,Mucosa,Duodenum
ODIWGS70,mdtG,OD7,Mucosa,Duodenum
ODIWGS70,evgA,OD7,Mucosa,Duodenum
ODIWGS70,leuO,OD7,Mucosa,Duodenum
ODIWGS70,evgS,OD7,Mucosa,Duodenum
ODIWGS70,PmrF,OD7,Mucosa,Duodenum
ODIWGS70,emrR,OD7,Mucosa,Duodenum
ODIWGS70,APH(3'')-Ib,OD7,Mucosa,Duodenum
ODIWGS70,mdtP,OD7,Mucosa,Duodenum
ODIWGS70,YojI,OD7,Mucosa,Duodenum
ODIWGS70,qacH,OD7,Mucosa,Duodenum
ODIWGS70,Ecol_emrE,OD7,Mucosa,Duodenum
ODIWGS70,bacA,OD7,Mucosa,Duodenum
ODIWGS70,acrB,OD7,Mucosa,Duodenum
ODIWGS70,rsmA,OD7,Mucosa,Duodenum
ODIWGS70,gadW,OD7,Mucosa,Duodenum
ODIWGS70,Kpne_KpnF,OD7,Mucosa,Duodenum
ODIWGS70,AcrE,OD7,Mucosa,Duodenum
ODIWGS70,emrA,OD7,Mucosa,Duodenum
ODIWGS70,mphA,OD7,Mucosa,Duodenum
ODIWGS70,mdtA,OD7,Mucosa,Duodenum
ODIWGS70,Mrx,OD7,Mucosa,Duodenum
ODIWGS70,mdtH,OD7,Mucosa,Duodenum
ODIWGS70,H-NS,OD7,Mucosa,Duodenum
ODIWGS70,tet(B),OD7,Mucosa,Duodenum
ODIWGS71,tet(O),OD5,Lumen,DescendingColon
ODIWGS71,oqxB,OD5,Lumen,DescendingColon
ODIWGS71,eptB,OD5,Lumen,DescendingColon
ODIWGS71,vanU_in_vanG_cl,OD5,Lumen,DescendingColon
ODIWGS71,Kpne_OmpK37,OD5,Lumen,DescendingColon
ODIWGS71,oqxA,OD5,Lumen,DescendingColon
ODIWGS71,ANT(4')-Ib,OD5,Lumen,DescendingColon
ODIWGS71,tet(Q),OD5,Lumen,DescendingColon
ODIWGS71,tet(37),OD5,Lumen,DescendingColon
ODIWGS71,LptD,OD5,Lumen,DescendingColon
ODIWGS71,aadS,OD5,Lumen,DescendingColon
ODIWGS71,tet(X1),OD5,Lumen,DescendingColon
ODIWGS72,tet(M),OD8,Lumen,Ileum
ODIWGS72,mel,OD8,Lumen,Ileum
ODIWGS72,mdtF,OD8,Lumen,Ileum
ODIWGS72,tet(O/M/O),OD8,Lumen,Ileum
ODIWGS72,tet(W/N/W),OD8,Lumen,Ileum
ODIWGS72,tet(W),OD8,Lumen,Ileum
ODIWGS72,LlmA_23S_CLI,OD8,Lumen,Ileum
ODIWGS72,tet(37),OD8,Lumen,Ileum
ODIWGS72,tet(Q),OD8,Lumen,Ileum
ODIWGS72,tet(O/W),OD8,Lumen,Ileum
ODIWGS72,tet(32),OD8,Lumen,Ileum
ODIWGS72,vanU_in_vanG_cl,OD8,Lumen,Ileum
ODIWGS72,tet(O/W/32/O),OD8,Lumen,Ileum
ODIWGS72,acrB,OD8,Lumen,Ileum
ODIWGS72,tet(O),OD8,Lumen,Ileum
ODIWGS72,APH(3')-IIIa,OD8,Lumen,Ileum
ODIWGS72,RbpA,OD8,Lumen,Ileum
ODIWGS72,tet(O/32/O),OD8,Lumen,Ileum
ODIWGS72,Mrx,OD8,Lumen,Ileum
ODIWGS73,Mrx,OD5,Mucosa,TransverseColon
ODIWGS73,OmpA,OD5,Mucosa,TransverseColon
ODIWGS74,tet(O),OD8,Lumen,TransverseColon
ODIWGS74,CblA-1,OD8,Lumen,TransverseColon
ODIWGS74,vanU_in_vanG_cl,OD8,Lumen,TransverseColon
ODIWGS74,tet(Q),OD8,Lumen,TransverseColon
ODIWGS74,tet(37),OD8,Lumen,TransverseColon
ODIWGS74,tet(W),OD8,Lumen,TransverseColon
ODIWGS74,ErmF,OD8,Lumen,TransverseColon
ODIWGS74,aadS,OD8,Lumen,TransverseColon
ODIWGS74,tet(X1),OD8,Lumen,TransverseColon
ODIWGS74,tet(W/N/W),OD8,Lumen,TransverseColon
ODIWGS74,Mef(En2),OD8,Lumen,TransverseColon
ODIWGS74,tet(X),OD8,Lumen,TransverseColon
ODIWGS75,TEM-126,OD4,Mucosa,Duodenum
ODIWGS75,mdtO,OD4,Mucosa,Duodenum
ODIWGS75,qacE,OD4,Mucosa,Duodenum
ODIWGS75,mdtB,OD4,Mucosa,Duodenum
ODIWGS75,Kpne_KpnE,OD4,Mucosa,Duodenum
ODIWGS75,emrB,OD4,Mucosa,Duodenum
ODIWGS75,TolC,OD4,Mucosa,Duodenum
ODIWGS75,mdtC,OD4,Mucosa,Duodenum
ODIWGS75,mdtE,OD4,Mucosa,Duodenum
ODIWGS75,Vcho_varG,OD4,Mucosa,Duodenum
ODIWGS75,OprM,OD4,Mucosa,Duodenum
ODIWGS75,marA,OD4,Mucosa,Duodenum
ODIWGS75,qacL,OD4,Mucosa,Duodenum
ODIWGS75,mdtF,OD4,Mucosa,Duodenum
ODIWGS75,cpxA,OD4,Mucosa,Duodenum
ODIWGS75,ugd,OD4,Mucosa,Duodenum
ODIWGS75,tet(W/N/W),OD4,Mucosa,Duodenum
ODIWGS75,tet(W),OD4,Mucosa,Duodenum
ODIWGS75,msbA,OD4,Mucosa,Duodenum
ODIWGS75,Ecol_mdfA,OD4,Mucosa,Duodenum
ODIWGS75,LlmA_23S_CLI,OD4,Mucosa,Duodenum
ODIWGS75,tet(37),OD4,Mucosa,Duodenum
ODIWGS75,ACT-2,OD4,Mucosa,Duodenum
ODIWGS75,acrD,OD4,Mucosa,Duodenum
ODIWGS75,AAC(6')-Ib7,OD4,Mucosa,Duodenum
ODIWGS75,kdpE,OD4,Mucosa,Duodenum
ODIWGS75,eptA,OD4,Mucosa,Duodenum
ODIWGS75,sul2,OD4,Mucosa,Duodenum
ODIWGS75,dfrF,OD4,Mucosa,Duodenum
ODIWGS75,baeR,OD4,Mucosa,Duodenum
ODIWGS75,AcrF,OD4,Mucosa,Duodenum
ODIWGS75,CRP,OD4,Mucosa,Duodenum
ODIWGS75,emrY,OD4,Mucosa,Duodenum
ODIWGS75,AcrS,OD4,Mucosa,Duodenum
ODIWGS75,APH(6)-Id,OD4,Mucosa,Duodenum
ODIWGS75,mdtG,OD4,Mucosa,Duodenum
ODIWGS75,evgA,OD4,Mucosa,Duodenum
ODIWGS75,Ecol_acrA,OD4,Mucosa,Duodenum
ODIWGS75,mdtN,OD4,Mucosa,Duodenum
ODIWGS75,leuO,OD4,Mucosa,Duodenum
ODIWGS75,vanU_in_vanG_cl,OD4,Mucosa,Duodenum
ODIWGS75,evgS,OD4,Mucosa,Duodenum
ODIWGS75,cmlv,OD4,Mucosa,Duodenum
ODIWGS75,PmrF,OD4,Mucosa,Duodenum
ODIWGS75,tet(O/W/32/O),OD4,Mucosa,Duodenum
ODIWGS75,emrR,OD4,Mucosa,Duodenum
ODIWGS75,emrK,OD4,Mucosa,Duodenum
ODIWGS75,qacEdelta1,OD4,Mucosa,Duodenum
ODIWGS75,EC-13,OD4,Mucosa,Duodenum
ODIWGS75,ykkC,OD4,Mucosa,Duodenum
ODIWGS75,vanR_in_vanM_cl,OD4,Mucosa,Duodenum
ODIWGS75,APH(3'')-Ib,OD4,Mucosa,Duodenum
ODIWGS75,mdtP,OD4,Mucosa,Duodenum
ODIWGS75,YojI,OD4,Mucosa,Duodenum
ODIWGS75,bacA,OD4,Mucosa,Duodenum
ODIWGS75,ykkD,OD4,Mucosa,Duodenum
ODIWGS75,acrB,OD4,Mucosa,Duodenum
ODIWGS75,rsmA,OD4,Mucosa,Duodenum
ODIWGS75,tet(O),OD4,Mucosa,Duodenum
ODIWGS75,gadW,OD4,Mucosa,Duodenum
ODIWGS75,Kpne_KpnF,OD4,Mucosa,Duodenum
ODIWGS75,AcrE,OD4,Mucosa,Duodenum
ODIWGS75,emrA,OD4,Mucosa,Duodenum
ODIWGS75,mphA,OD4,Mucosa,Duodenum
ODIWGS75,mdtA,OD4,Mucosa,Duodenum
ODIWGS75,Mrx,OD4,Mucosa,Duodenum
ODIWGS75,baeS,OD4,Mucosa,Duodenum
ODIWGS75,mdtH,OD4,Mucosa,Duodenum
ODIWGS75,H-NS,OD4,Mucosa,Duodenum
ODIWGS75,tet(B),OD4,Mucosa,Duodenum
ODIWGS79,ANT(4')-Ib,OD7,Lumen,Duodenum
ODIWGS80,mdtO,OD9,Lumen,DescendingColon
ODIWGS80,emrB,OD9,Lumen,DescendingColon
ODIWGS80,mdtF,OD9,Lumen,DescendingColon
ODIWGS80,cpxA,OD9,Lumen,DescendingColon
ODIWGS80,tet(W),OD9,Lumen,DescendingColon
ODIWGS80,msbA,OD9,Lumen,DescendingColon
ODIWGS80,acrD,OD9,Lumen,DescendingColon
ODIWGS80,tet(Q),OD9,Lumen,DescendingColon
ODIWGS80,AcrF,OD9,Lumen,DescendingColon
ODIWGS80,tet(32),OD9,Lumen,DescendingColon
ODIWGS80,evgS,OD9,Lumen,DescendingColon
ODIWGS80,mdtP,OD9,Lumen,DescendingColon
ODIWGS80,YojI,OD9,Lumen,DescendingColon
ODIWGS80,acrB,OD9,Lumen,DescendingColon
ODIWGS80,tet(O),OD9,Lumen,DescendingColon
ODIWGS81,Mrx,OD4,Lumen,Ileum
ODIWGS81,mphA,OD4,Lumen,Ileum
ODIWGS83,Mrx,OD1,Lumen,AscendingColon
ODIWGS87,tet(M),OD1,Mucosa,Duodenum
ODIWGS87,qacE,OD1,Mucosa,Duodenum
ODIWGS87,dfrI,OD1,Mucosa,Duodenum
ODIWGS87,mel,OD1,Mucosa,Duodenum
ODIWGS87,vanV_in_vanB_cl,OD1,Mucosa,Duodenum
ODIWGS87,qacG,OD1,Mucosa,Duodenum
ODIWGS87,mdeA,OD1,Mucosa,Duodenum
ODIWGS87,qacA,OD1,Mucosa,Duodenum
ODIWGS87,tet(44),OD1,Mucosa,Duodenum
ODIWGS87,tet(O/M/O),OD1,Mucosa,Duodenum
ODIWGS87,vgaD,OD1,Mucosa,Duodenum
ODIWGS87,mgrA,OD1,Mucosa,Duodenum
ODIWGS87,tet(W/N/W),OD1,Mucosa,Duodenum
ODIWGS87,arlR,OD1,Mucosa,Duodenum
ODIWGS87,tet(W),OD1,Mucosa,Duodenum
ODIWGS87,qacJ,OD1,Mucosa,Duodenum
ODIWGS87,tet(38),OD1,Mucosa,Duodenum
ODIWGS87,tet(37),OD1,Mucosa,Duodenum
ODIWGS87,lnuC,OD1,Mucosa,Duodenum
ODIWGS87,Paer_emrE,OD1,Mucosa,Duodenum
ODIWGS87,dfrF,OD1,Mucosa,Duodenum
ODIWGS87,tet(O/W),OD1,Mucosa,Duodenum
ODIWGS87,Erm(52),OD1,Mucosa,Duodenum
ODIWGS87,lmrD,OD1,Mucosa,Duodenum
ODIWGS87,tet(32),OD1,Mucosa,Duodenum
ODIWGS87,tet(40),OD1,Mucosa,Duodenum
ODIWGS87,vanU_in_vanG_cl,OD1,Mucosa,Duodenum
ODIWGS87,tet(L),OD1,Mucosa,Duodenum
ODIWGS87,norA,OD1,Mucosa,Duodenum
ODIWGS87,tet(O/W/32/O),OD1,Mucosa,Duodenum
ODIWGS87,qacEdelta1,OD1,Mucosa,Duodenum
ODIWGS87,kdpD,OD1,Mucosa,Duodenum
ODIWGS87,tetA(46),OD1,Mucosa,Duodenum
ODIWGS87,mepR,OD1,Mucosa,Duodenum
ODIWGS87,Ecol_emrE,OD1,Mucosa,Duodenum
ODIWGS87,aad(6),OD1,Mucosa,Duodenum
ODIWGS87,tet(O),OD1,Mucosa,Duodenum
ODIWGS87,APH(3')-IIIa,OD1,Mucosa,Duodenum
ODIWGS87,RbpA,OD1,Mucosa,Duodenum
ODIWGS87,mepA,OD1,Mucosa,Duodenum
ODIWGS87,norC,OD1,Mucosa,Duodenum
ODIWGS87,ANT(4')-Ib,OD1,Mucosa,Duodenum
ODIWGS87,tet(O/32/O),OD1,Mucosa,Duodenum
ODIWGS87,sdrM,OD1,Mucosa,Duodenum
ODIWGS89,tet(M),OD4,Lumen,Duodenum
ODIWGS89,vanV_in_vanB_cl,OD4,Lumen,Duodenum
ODIWGS89,vanXY_in_vanC,OD4,Lumen,Duodenum
ODIWGS89,APH(2'')-IIa,OD4,Lumen,Duodenum
ODIWGS89,qacL,OD4,Lumen,Duodenum
ODIWGS89,tet(44),OD4,Lumen,Duodenum
ODIWGS89,tet(O/M/O),OD4,Lumen,Duodenum
ODIWGS89,tet(W/N/W),OD4,Lumen,Duodenum
ODIWGS89,efmA,OD4,Lumen,Duodenum
ODIWGS89,tet(W),OD4,Lumen,Duodenum
ODIWGS89,mreA,OD4,Lumen,Duodenum
ODIWGS89,tet(37),OD4,Lumen,Duodenum
ODIWGS89,mefH,OD4,Lumen,Duodenum
ODIWGS89,msrC,OD4,Lumen,Duodenum
ODIWGS89,lnuC,OD4,Lumen,Duodenum
ODIWGS89,abeS,OD4,Lumen,Duodenum
ODIWGS89,dfrF,OD4,Lumen,Duodenum
ODIWGS89,tet(O/W),OD4,Lumen,Duodenum
ODIWGS89,Bado_rpoB_RIF,OD4,Lumen,Duodenum
ODIWGS89,tet(32),OD4,Lumen,Duodenum
ODIWGS89,vanU_in_vanG_cl,OD4,Lumen,Duodenum
ODIWGS89,SAT-4,OD4,Lumen,Duodenum
ODIWGS89,vanR_in_vanC_cl,OD4,Lumen,Duodenum
ODIWGS89,tet(O/W/32/O),OD4,Lumen,Duodenum
ODIWGS89,Ecol_emrE,OD4,Lumen,Duodenum
ODIWGS89,AAC(6')-Ii,OD4,Lumen,Duodenum
ODIWGS89,aad(6),OD4,Lumen,Duodenum
ODIWGS89,tet(O),OD4,Lumen,Duodenum
ODIWGS89,Saga_mprF,OD4,Lumen,Duodenum
ODIWGS89,vanT_in_vanC_cl,OD4,Lumen,Duodenum
ODIWGS89,vanC,OD4,Lumen,Duodenum
ODIWGS89,APH(3')-IIIa,OD4,Lumen,Duodenum
ODIWGS89,RbpA,OD4,Lumen,Duodenum
ODIWGS89,vanS_in_vanC_cl,OD4,Lumen,Duodenum
ODIWGS89,tet(O/32/O),OD4,Lumen,Duodenum
ODIWGS89,ErmB,OD4,Lumen,Duodenum
ODIWGS91,Kpne_KpnE,OD4,Lumen,DescendingColon
ODIWGS91,eptB,OD4,Lumen,DescendingColon
ODIWGS91,TolC,OD4,Lumen,DescendingColon
ODIWGS91,aadS,OD4,Lumen,DescendingColon
ODIWGS91,LptD,OD4,Lumen,DescendingColon
ODIWGS91,tet(W),OD4,Lumen,DescendingColon
ODIWGS91,Mef(En2),OD4,Lumen,DescendingColon
ODIWGS91,tet(37),OD4,Lumen,DescendingColon
ODIWGS91,tet(Q),OD4,Lumen,DescendingColon
ODIWGS91,Kpne_KpnG,OD4,Lumen,DescendingColon
ODIWGS91,oqxA,OD4,Lumen,DescendingColon
ODIWGS91,Kpne_acrA,OD4,Lumen,DescendingColon
ODIWGS91,CfxA2,OD4,Lumen,DescendingColon
ODIWGS91,tet(O/W/32/O),OD4,Lumen,DescendingColon
ODIWGS91,tet(X),OD4,Lumen,DescendingColon
ODIWGS91,ykkC,OD4,Lumen,DescendingColon
ODIWGS91,tet(X1),OD4,Lumen,DescendingColon
ODIWGS91,ykkD,OD4,Lumen,DescendingColon
ODIWGS91,tet(O),OD4,Lumen,DescendingColon
ODIWGS91,ArnT,OD4,Lumen,DescendingColon
ODIWGS91,oqxB,OD4,Lumen,DescendingColon
ODIWGS91,ErmB,OD4,Lumen,DescendingColon
ODIWGS93,tet(M),OD1,Mucosa,AscendingColon
ODIWGS93,vanV_in_vanB_cl,OD1,Mucosa,AscendingColon
ODIWGS93,TolC,OD1,Mucosa,AscendingColon
ODIWGS93,tetB(60),OD1,Mucosa,AscendingColon
ODIWGS93,tet(O/M/O),OD1,Mucosa,AscendingColon
ODIWGS93,tet(W/N/W),OD1,Mucosa,AscendingColon
ODIWGS93,tet(W),OD1,Mucosa,AscendingColon
ODIWGS93,mefH,OD1,Mucosa,AscendingColon
ODIWGS93,Bbif_ileS_MUP,OD1,Mucosa,AscendingColon
ODIWGS93,lnuC,OD1,Mucosa,AscendingColon
ODIWGS93,dfrF,OD1,Mucosa,AscendingColon
ODIWGS93,tet(O/W),OD1,Mucosa,AscendingColon
ODIWGS93,Bado_rpoB_RIF,OD1,Mucosa,AscendingColon
ODIWGS93,tetB(P),OD1,Mucosa,AscendingColon
ODIWGS93,tet(W/32/O),OD1,Mucosa,AscendingColon
ODIWGS93,tet(32),OD1,Mucosa,AscendingColon
ODIWGS93,tet(40),OD1,Mucosa,AscendingColon
ODIWGS93,vanU_in_vanG_cl,OD1,Mucosa,AscendingColon
ODIWGS93,tet(L),OD1,Mucosa,AscendingColon
ODIWGS93,tet(O/W/32/O),OD1,Mucosa,AscendingColon
ODIWGS93,ykkC,OD1,Mucosa,AscendingColon
ODIWGS93,rsmA,OD1,Mucosa,AscendingColon
ODIWGS93,tet(O),OD1,Mucosa,AscendingColon
ODIWGS93,RbpA,OD1,Mucosa,AscendingColon
ODIWGS93,ANT(4')-Ib,OD1,Mucosa,AscendingColon
ODIWGS93,tet(O/32/O),OD1,Mucosa,AscendingColon
ODIWGS93,mphA,OD1,Mucosa,AscendingColon
ODIWGS93,YajC,OD1,Mucosa,AscendingColon
